codigo_int,genero,epiteto_especifico,epiteto_intraespecifico,nombre_vernaculo,codigo_clasificacion
1,Arthonia,obscurella,NA,NA,CS1
2,Arthonia,septemlocularis,NA,NA,CS2
3,Ancistrosporella,leucophila,NA,NA,CS3
4,Byssoloma,permutans,NA,NA,CS4
5,Lecanactis,proximans,NA,NA,CS5
6,Schismatomma,leucopsarum,NA,NA,CS6
7,Bogoriella,apposita,NA,NA,CS7
8,Bacidia,proposita,NA,NA,CS8
9,Badimia,vezdana,NA,NA,CS9
10,Ramalina,bogotensis,NA,NA,CS10
11,Ramalina,protensa,NA,NA,CS11
12,Gyalideopsis,chicaque,NA,NA,CS12
13,Fissurina,linoana,NA,NA,CS13
14,Graphis,amaliana,NA,NA,CS14
15,Graphis,carmenelisana,NA,NA,CS15
16,Graphis,kavintuca,NA,NA,CS16
17,Graphis,lurizana,NA,NA,CS17
18,Graphis,mokanarum,NA,NA,CS18
19,Graphis,rosalbiana,NA,NA,CS19
20,Graphis,santanderiana,NA,NA,CS20
21,Graphis,solmariana,NA,NA,CS21
22,Myriotrema,fragile,NA,NA,CS22
23,Ocellularia,auberianoides,NA,NA,CS23
24,Ocellularia,percolumellata,NA,NA,CS24
25,Ocellularia,umbilicatoides,NA,NA,CS25
26,Ocellularia,usnicolor,NA,NA,CS26
27,Phaeographina,cabbalistica,NA,NA,CS27
28,Phaeographis,dividens,NA,NA,CS28
29,Phaeographis,galeanoae,NA,NA,CS29
30,Phaeographis,leucocheila,NA,NA,CS30
31,Platythecium,serpentinellum,NA,NA,CS31
32,Redingeria,glyphica,NA,NA,CS32
33,Thalloloma,haemographum,NA,NA,CS33
34,Thelotrema,conveniens,NA,NA,CS34
35,Thelotrema,leucocarpoides,NA,NA,CS35
36,Thelotrema,sphinctrinellum,NA,NA,CS36
37,Aspidothelium,silverstonei,NA,NA,CS37
38,Leptogium,inversum,NA,NA,CS38
39,Lobariella,angustata,NA,NA,CS39
40,Lobariella,ecorticata,NA,NA,CS40
41,Lobariella,flavomedullosa,NA,NA,CS41
42,Lobariella,parmelioides,NA,NA,CS42
43,Lobariella,pseudocrenulata,NA,NA,CS43
44,Lobariella,reticulata,NA,NA,CS44
45,Sticta,peltigerella,NA,NA,CS45
46,Sticta,rubropruinosa,NA,NA,CS46
47,Sticta,silverstonii,NA,NA,CS47
48,Sticta,tunjensis,NA,NA,CS48
49,Pertusaria,confundens,NA,NA,CS49
50,Pertusaria,thelocarpoides,NA,NA,CS50
51,Caloplaca,conjungens,NA,NA,CS51
52,Cora,accipiter,NA,NA,CS52
53,Cora,arachnodavidea,NA,NA,CS53
54,Cora,arcabucana,NA,NA,CS54
55,Cora,aturucoa,NA,NA,CS55
56,Cora,barbifera,NA,NA,CS56
57,Cora,byssoidea,NA,NA,CS57
58,Cora,casanarensis,NA,NA,CS58
59,Cora,corelleslia,NA,NA,CS59
60,Cora,davibogotana,NA,NA,CS60
61,Cora,davicrinita,NA,NA,CS61
62,Cora,davidia,NA,NA,CS62
63,Cora,fimbriata,NA,NA,CS63
64,Cora,gigantea,NA,NA,CS64
65,Cora,hafecesweorthensis,NA,NA,CS65
66,Cora,hirsuta,NA,NA,CS66
67,Cora,inversa,NA,NA,CS67
68,Cora,leslactuca,NA,NA,CS68
69,Cora,pastorum,NA,NA,CS69
70,Cora,pikynasa,NA,NA,CS70
71,Cora,putumayensis,NA,NA,CS71
72,Cora,quillacinga,NA,NA,CS72
73,Cora,rothesiorum,NA,NA,CS73
74,Cora,setosa,NA,NA,CS74
75,Cora,udebeceana,NA,NA,CS75
76,Cora,undulata,NA,NA,CS76
77,Cora,verjonensis,NA,NA,CS77
78,Lepidostroma,calocerum,NA,NA,CS78
79,Multiclavula,coronilla,NA,NA,CS79
80,Sulzbacheromyces,chocoensis,NA,NA,CS80
81,Sulzbacheromyces,tutunendo,NA,NA,CS81
82,Anomobryum,clavicaule,NA,NA,CS82
83,Bryum,sordidum,NA,NA,CS83
84,Schizymenium,pectinatum,NA,NA,CS84
85,Dicranella,muralis,NA,NA,CS85
86,Dicranella,pusilla,NA,NA,CS86
87,Pleuridium,lindigianum,NA,NA,CS87
88,Calyptrochaeta,nutans,NA,NA,CS88
89,Leskeodon,paisa,NA,NA,CS89
90,Lepidopilum,wallisii,NA,NA,CS90
91,Eurhynchium,semitortum,NA,NA,CS91
92,Trichosteleum,mastopomatoides,NA,NA,CS92
93,Cyrto-hypnum,arzobispoae,NA,NA,CS93
94,Macromitrium,tocaremae,NA,NA,CS94
95,Didymodon,lindigii,NA,NA,CS95
96,Tayloria,altorum,NA,NA,CS96
97,Sphagnum,angustifolium,NA,NA,CS97
98,Sphagnum,antioquiense,NA,NA,CS98
99,Sphagnum,boomii,NA,NA,CS99
100,Sphagnum,boyacanum,NA,NA,CS100
101,Sphagnum,capillaceum,NA,NA,CS101
102,Sphagnum,cleefii,NA,NA,CS102
103,Sphagnum,curvatulum,NA,NA,CS103
104,Sphagnum,diblastoides,NA,NA,CS104
105,Sphagnum,falcatulum,NA,NA,CS105
106,Sphagnum,imperforatum,NA,NA,CS106
107,Sphagnum,laxirameum,NA,NA,CS107
108,Sphagnum,lewisii,NA,NA,CS108
109,Sphagnum,ornatum,NA,NA,CS109
110,Sphagnum,platyphyllum,NA,NA,CS110
111,Sphagnum,pylaesii,NA,NA,CS111
112,Sphagnum,rotundatum,NA,NA,CS112
113,Sphagnum,santanderense,NA,NA,CS113
114,Sphagnum,sonsonense,NA,NA,CS114
115,Sphagnum,squarrosum,NA,NA,CS115
116,Sphagnum,sumapazense,NA,NA,CS116
117,Neesioscyphus,allionii,NA,NA,CS117
118,Ruizanthus,venezuelanus,NA,NA,CS118
119,Nowellia,curvifolia,NA,NA,CS119
120,Cephaloziella,divaricata,NA,NA,CS120
121,Cephaloziopsis,intertexta,NA,NA,CS121
122,Bazzania,denticulifera,NA,NA,CS122
123,Micropterygium,longicellulatum,NA,NA,CS123
124,Chaetocolea,palmata,NA,NA,CS124
125,Temnoma,chaetophyllum,NA,NA,CS125
126,Metzgeria,lechleri,NA,NA,CS126
127,Blepharolejeunea,saccata,NA,NA,CS127
128,Ceratolejeunea,globulifera,NA,NA,CS128
129,Cheilolejeunea,aurifera,NA,NA,CS129
130,Cheilolejeunea,tonduzana,NA,NA,CS130
131,Cololejeunea,minuscula,NA,NA,CS131
132,Cololejeunea,papilliloba,NA,NA,CS132
133,Cololejeunea,sicifolia,NA,NA,CS133
134,Colura,cylindrica,NA,NA,CS134
135,Dibrachiella,bischleriana,NA,NA,CS135
136,Lejeunea,inflexiloba,NA,NA,CS136
137,Prionolejeunea,magnistipula,NA,NA,CS137
138,Porella,brachiata,NA,NA,CS138
139,Riccia,weinionis,NA,NA,CS139
140,Alsophila,esmeraldensis,NA,NA,CS140
141,Alsophila,imrayana,NA,NA,CS141
142,Alsophila,incana,NA,NA,CS142
143,Alsophila,paucifolia,NA,NA,CS143
144,Alsophila,rupestris,NA,NA,CS144
145,Cyathea,acutidens,NA,NA,CS145
146,Cyathea,aemula,NA,NA,CS146
147,Cyathea,antioquensis,NA,NA,CS147
148,Cyathea,arborea,NA,NA,CS148
149,Cyathea,boconensis,NA,NA,CS149
150,Cyathea,callejasii,NA,NA,CS150
151,Cyathea,cardenasii,NA,NA,CS151
152,Cyathea,cervantesiana,NA,NA,CS152
153,Cyathea,clandestina,NA,NA,CS153
154,Cyathea,coloradoana,NA,NA,CS154
155,Cyathea,eggersii,NA,NA,CS155
156,Cyathea,giraldoi,NA,NA,CS156
157,Cyathea,gracilis,NA,NA,CS157
158,Cyathea,guentheriana,NA,NA,CS158
159,Cyathea,haughtii,NA,NA,CS159
160,Cyathea,kalbreyeri,NA,NA,CS160
161,Cyathea,kessleriana,NA,NA,CS161
162,Cyathea,lindigii,NA,NA,CS162
163,Cyathea,longipetiolulata,NA,NA,CS163
164,Cyathea,minuta,NA,NA,CS164
165,Cyathea,nodulifera,NA,NA,CS165
166,Cyathea,oblonga,NA,NA,CS166
167,Cyathea,obnoxia,NA,NA,CS167
168,Cyathea,pacis,NA,NA,CS168
169,Cyathea,pholidota,NA,NA,CS169
170,Cyathea,pilozana,NA,NA,CS170
171,Cyathea,pinnuloides,NA,NA,CS171
172,Cyathea,prosopioides,NA,NA,CS172
173,Cyathea,renjifoi,NA,NA,CS173
174,Cyathea,retanae,NA,NA,CS174
175,Cyathea,rodriguezii,NA,NA,CS175
176,Cyathea,singularis,NA,NA,CS176
177,Cyathea,straminea,NA,NA,CS177
178,Cyathea,tejedoris,NA,NA,CS178
179,Cyathea,toroi,NA,NA,CS179
180,Cyathea,uleana,NA,NA,CS180
181,Cyathea,uregoana,NA,NA,CS181
182,Cyathea,varians,NA,NA,CS182
183,Cyathea,werffii,NA,NA,CS183
184,Dicksonia,lehnertiana,NA,NA,CS184
185,Dicksonia,stuebelii,NA,NA,CS185
186,Zamia,amplifolia,NA,Zamia de Anchicayá,CS186
187,Zamia,disodon,NA,Zamia dentada,CS187
188,Zamia,encephalartoides,NA,Zamia de Las Rocas,CS188
189,Zamia,huilensis,NA,NA,CS189
190,Zamia,incognita,NA,NA,CS190
191,Zamia,melanorrhachis,NA,NA,CS191
192,Zamia,montana,NA,Zamia de Montaña,CS192
193,Zamia,oligodonta,NA,Zamia de Risaralda,CS193
194,Zamia,pyrophylla,NA,NA,CS194
195,Zamia,restrepoi,NA,NA,CS195
196,Zamia,tolimensis,NA,NA,CS196
197,Zamia,wallisii,NA,NA,CS197
198,Podocarpus,guatemalensis,NA,Chaquiro dulce,CS198
199,Podocarpus,oleifolius,NA,Pino colombiano,CS199
200,Prumnopitys,harmsiana,NA,Pino chaquiro,CS200
201,Prumnopitys,montana,NA,Pino de montaña,CS201
202,Myrrhidendron,pennellii,NA,NA,CS202
203,Dendropanax,glaberrimus,NA,NA,CS203
204,Dendropanax,lehmannii,NA,NA,CS204
205,Dendropanax,pachypodus,NA,NA,CS205
206,Oreopanax,acerifolius,NA,Mano de Tigre,CS206
207,Oreopanax,brunneus,NA,NA,CS207
208,Oreopanax,cyclophyllus,NA,NA,CS208
209,Oreopanax,fontqueranus,NA,NA,CS209
210,Oreopanax,gargantae,NA,Higuerón,CS210
211,Oreopanax,hypargyreus,NA,NA,CS211
212,Oreopanax,killipii,NA,NA,CS212
213,Oreopanax,lawrancei,NA,NA,CS213
214,Oreopanax,niger,NA,NA,CS214
215,Oreopanax,ruizanus,NA,Cincodedos,CS215
216,Oreopanax,sucrensis,NA,NA,CS216
217,Oreopanax,trianae,NA,Cincodedos,CS217
218,Oreopanax,velutinus,NA,NA,CS218
219,Schefflera,bifurcata,NA,NA,CS219
220,Schefflera,calyptricuspidata,NA,NA,CS220
221,Schefflera,connata,NA,NA,CS221
222,Schefflera,digyna,NA,Maco,CS222
223,Schefflera,heterotricha,NA,NA,CS223
224,Schefflera,paniculitomentosa,NA,NA,CS224
225,Schefflera,samariana,NA,NA,CS225
226,Schefflera,sararensis,NA,NA,CS226
227,Ilex,bullata,NA,NA,CS227
228,Ilex,gale,NA,NA,CS228
229,Ilex,mucronulata,NA,NA,CS229
230,Ilex,pustulosa,NA,Mulato,CS230
231,Ilex,velutinulosa,NA,NA,CS231
232,Citronella,silvatica,NA,NA,CS232
233,Aequatorium,latibracteolatum,NA,NA,CS233
234,Coespeletia,laxiflora,NA,NA,CS234
235,Critoniopsis,cinerea,NA,Cenizo,CS235
236,Critoniopsis,cuatrecasasii,NA,Blanquizco,CS236
237,Critoniopsis,franciscana,NA,NA,CS237
238,Critoniopsis,glandulata,NA,NA,CS238
239,Critoniopsis,popayanensis,NA,NA,CS239
240,Critoniopsis,uribei,NA,NA,CS240
241,Critoniopsis,ursicola,NA,NA,CS241
242,Diplostephium,dentatum,NA,NA,CS242
243,Diplostephium,ellipticum,NA,NA,CS243
244,Diplostephium,oblongifolium,NA,NA,CS244
245,Diplostephium,perijaense,NA,NA,CS245
246,Diplostephium,santamartae,NA,NA,CS246
247,Espeletia,annemariana,NA,NA,CS247
248,Espeletia,arbelaezii,NA,NA,CS248
249,Espeletia,ariana,NA,NA,CS249
250,Espeletia,azucarina,NA,NA,CS250
251,Espeletia,brachyaxiantha,NA,Frailejón de Pesca,CS251
252,Espeletia,brassicoidea,NA,Frailejón Arrepollado,CS252
253,Espeletia,cabrerensis,NA,Frailejón de Cabrera,CS253
254,Espeletia,cachaluensis,NA,NA,CS254
255,Espeletia,canescens,NA,NA,CS255
256,Espeletia,cayetana,NA,Frailejón de San Cayetano,CS256
257,Espeletia,chocontana,NA,Frailejón de Chocontá,CS257
258,Espeletia,cleefii,NA,NA,CS258
259,Espeletia,conglomerata,NA,Frailejón Aglomerado,CS259
260,Espeletia,discoidea,NA,Frailejón Discoideo,CS260
261,Espeletia,dugandii,NA,Frailejón de Dugand,CS261
262,Espeletia,episcopalis,NA,NA,CS262
263,Espeletia,estanislana,NA,Frailejón de Estanislao,CS263
264,Espeletia,formosa,NA,NA,CS264
265,Espeletia,idroboi,NA,Frailejón de Idrobo,CS265
266,Espeletia,incana,NA,Frailejón Blanco,CS266
267,Espeletia,jaramilloi,NA,Frailejón de Jaramillo,CS267
268,Espeletia,mirabilis,NA,NA,CS268
269,Espeletia,miradorensis,NA,NA,CS269
270,Espeletia,nemekenei,NA,Frailejón de Nemequene,CS270
271,Espeletia,oswaldiana,NA,Frailejón de Oswaldo,CS271
272,Espeletia,paipana,NA,Frailejón de Paipa,CS272
273,Espeletia,perijaensis,NA,Frailejón de Perijá,CS273
274,Espeletia,pescana,NA,Frailejón de Belén,CS274
275,Espeletia,pulcherrima,NA,NA,CS275
276,Espeletia,raquirensis,NA,NA,CS276
277,Espeletia,roberti,NA,Frailejón de Jurisdicciones,CS277
278,Espeletia,rositae,NA,Frailejón de Santa Rosita,CS278
279,Espeletia,schultesiana,NA,Frailejón de Schultes,CS279
280,Espeletia,soroca,NA,NA,CS280
281,Espeletia,standleyana,NA,Frailejón de Standley,CS281
282,Espeletia,steyermarkii,NA,NA,CS282
283,Espeletia,summapacis,NA,NA,CS283
284,Espeletia,tibamoensis,NA,NA,CS284
285,Espeletia,tunjana,NA,Frailejón de Tunja,CS285
286,Espeletiopsis,betancurii,NA,NA,CS286
287,Espeletiopsis,caldasii,NA,Frailejón Enano,CS287
288,Espeletiopsis,diazii,NA,NA,CS288
289,Espeletiopsis,funckii,NA,Frailejón de Funck,CS289
290,Espeletiopsis,garciae,NA,Frailejón de García Barriga,CS290
291,Espeletiopsis,insignis,NA,Frailejón de Chitagá,CS291
292,Espeletiopsis,jimenez-quesadae,NA,NA,CS292
293,Espeletiopsis,purpurascens,NA,Frailejón Purpúreo,CS293
294,Espeletiopsis,rabanalensis,NA,NA,CS294
295,Espeletiopsis,sanchezii,NA,NA,CS295
296,Espeletiopsis,sclerophylla,NA,Frailejón coriáceo,CS296
297,Gynoxys,columbiana,NA,NA,CS297
298,Gynoxys,florulenta,NA,NA,CS298
299,Gynoxys,hirsuta,NA,Chilca lanosa,CS299
300,Gynoxys,hirsutissima,NA,NA,CS300
301,Gynoxys,laurata,NA,NA,CS301
302,Jalcophila,colombiana,NA,NA,CS302
303,Jaramilloa,hylibates,NA,NA,CS303
304,Libanothamnus,divisoriensis,NA,Tabaquillo de la Frontera,CS304
305,Libanothamnus,tamanus,NA,Tabaquillo de Tamá,CS305
306,Linochilus,antioquensis,NA,NA,CS306
307,Linochilus,apiculatus,NA,NA,CS307
308,Linochilus,camargoanus,NA,NA,CS308
309,Linochilus,chrysotrichus,NA,NA,CS309
310,Linochilus,colombianus,NA,NA,CS310
311,Linochilus,coriaceus,NA,NA,CS311
312,Linochilus,frontinensis,NA,NA,CS312
313,Linochilus,heterophyllus,NA,NA,CS313
314,Linochilus,jaramilloi,NA,NA,CS314
315,Linochilus,juajibioyi,NA,NA,CS315
316,Linochilus,violaceus,NA,NA,CS316
317,Llerasia,caucana,NA,NA,CS317
318,Lycoseris,colombiana,NA,NA,CS318
319,Mikania,tristachya,NA,NA,CS319
320,Paragynoxys,uribei,NA,Orejo,CS320
321,Paramiflos,glandulosus,NA,Frailejón glanduloso,CS321
322,Pectis,monocephala,NA,NA,CS322
323,Pentacalia,albi-panquei,NA,NA,CS323
324,Pentacalia,almorzana,NA,NA,CS324
325,Pentacalia,cacaosensis,NA,NA,CS325
326,Pentacalia,diamantensis,NA,NA,CS326
327,Pentacalia,elatoides,NA,NA,CS327
328,Pentacalia,fimbriifera,NA,NA,CS328
329,Pentacalia,harrietae,NA,NA,CS329
330,Pentacalia,novolanata,NA,NA,CS330
331,Pentacalia,perijaensis,NA,NA,CS331
332,Pentacalia,ricoensis,NA,NA,CS332
333,Pentacalia,robertii,NA,NA,CS333
334,Pentacalia,summapacis,NA,NA,CS334
335,Pentacalia,taironae,NA,NA,CS335
336,Pentacalia,vallecaucana,NA,NA,CS336
337,Pentacalia,viridi-alba,NA,NA,CS337
338,Pentacalia,yanetharum,NA,NA,CS338
339,Perymenium,colombianum,NA,NA,CS339
340,Piptocarpha,boyacensis,NA,NA,CS340
341,Ruilopezia,cardonae,NA,NA,CS341
342,Steiractinia,rusbyana,NA,NA,CS342
343,Tamania,chardonii,NA,Tabaquero,CS343
344,Cordia,fuertesii,NA,Mulato,CS344
345,Cordia,killipiana,NA,NA,CS345
346,Cordia,ramirezii,NA,NA,CS346
347,Varronia,acuta,NA,Guásimo,CS347
348,Tournefortia,brantii,NA,NA,CS348
349,Tournefortia,killipii,NA,NA,CS349
350,Viburnum,antioquiense,NA,NA,CS350
351,Viburnum,axillare,NA,NA,CS351
352,Viburnum,lehmannii,NA,NA,CS352
353,Viburnum,subsessile,NA,NA,CS353
354,Viburnum,suratense,NA,NA,CS354
355,Saurauia,chocoensis,NA,NA,CS355
356,Saurauia,micayensis,NA,Moquillo,CS356
357,Saurauia,oroquensis,NA,NA,CS357
358,Saurauia,pulchra,NA,Dulumoco,CS358
359,Bejaria,nana,NA,NA,CS359
360,Cavendishia,dendrophila,NA,NA,CS360
361,Cavendishia,jardinensis,NA,NA,CS361
362,Cavendishia,longirachis,NA,NA,CS362
363,Cavendishia,macrocephala,NA,NA,CS363
364,Cavendishia,nuda,NA,NA,CS364
365,Cavendishia,sessiliflora,NA,NA,CS365
366,Cavendishia,sophoclesioides,NA,NA,CS366
367,Macleania,crassa,NA,NA,CS367
368,Macleania,pubiflora,NA,NA,CS368
369,Orthaea,caudata,NA,NA,CS369
370,Orthaea,cavendishioides,NA,NA,CS370
371,Pernettya,hirta,NA,NA,CS371
372,Plutarchia,coronaria,NA,NA,CS372
373,Plutarchia,dasyphylla,NA,NA,CS373
374,Plutarchia,dichogama,NA,NA,CS374
375,Plutarchia,guascensis,NA,NA,CS375
376,Plutarchia,minor,NA,NA,CS376
377,Plutarchia,miranda,NA,NA,CS377
378,Plutarchia,monantha,NA,NA,CS378
379,Plutarchia,pubiflora,NA,NA,CS379
380,Plutarchia,rigida,NA,NA,CS380
381,Semiramisia,pulcherrima,NA,NA,CS381
382,Themistoclesia,mucronata,NA,NA,CS382
383,Themistoclesia,recurva,NA,NA,CS383
384,Themistoclesia,rostrata,NA,NA,CS384
385,Thibaudia,fallax,NA,NA,CS385
386,Bertholletia,excelsa,NA,Nuez del Brasil,CS386
387,Cariniana,pyriformis,NA,Abarco | Chibugá,CS387
388,Couroupita,nicaraguarensis,NA,NA,CS388
389,Eschweilera,bogotensis,NA,NA,CS389
390,Eschweilera,cabrerana,NA,Dopirai | Cabo de hacha | Fono,CS390
391,Eschweilera,integricalyx,NA,Corcuncho,CS391
392,Eschweilera,neei,NA,NA,CS392
393,Eschweilera,pachyderma,NA,Guasco blanco,CS393
394,Eschweilera,rimbachii,NA,NA,CS394
395,Grias,colombiana,NA,Guasca,CS395
396,Grias,multinervia,NA,NA,CS396
397,Gustavia,angustifolia,NA,NA,CS397
398,Gustavia,dubia,NA,Mula muerta | Alma negra,CS398
399,Gustavia,excelsa,NA,Pacó | Pacó de monte,CS399
400,Gustavia,foliosa,NA,NA,CS400
401,Gustavia,gentryi,NA,NA,CS401
402,Gustavia,gracillima,NA,Confite,CS402
403,Gustavia,grandibracteata,NA,NA,CS403
404,Gustavia,latifolia,NA,NA,CS404
405,Gustavia,longifuniculata,NA,Mula muerta,CS405
406,Gustavia,petiolata,NA,NA,CS406
407,Gustavia,romeroi,NA,Coco hediondo,CS407
408,Lecythis,mesophylla,NA,Coco cristal,CS408
409,Lecythis,tuyrana,NA,Olla de mono | Olleto,CS409
410,Freziera,sericea,NA,Cerezo,CS410
411,Ardisia,killipii,NA,NA,CS411
412,Clavija,cauliflora,NA,Durazno de monte,CS412
413,Clavija,grandis,NA,NA,CS413
414,Clavija,killipii,NA,NA,CS414
415,Clavija,plumbea,NA,manzano,CS415
416,Clavija,sanctae-martae,NA,NA,CS416
417,Cybianthus,cogolloi,NA,NA,CS417
418,Geissanthus,callejasii,NA,NA,CS418
419,Geissanthus,cestrifolius,NA,Cacho de venado,CS419
420,Geissanthus,francoae,NA,Huesito,CS420
421,Geissanthus,goudotianus,NA,NA,CS421
422,Geissanthus,kalbreyeri,NA,Colorado,CS422
423,Geissanthus,sessiliflorus,NA,Tampaco,CS423
424,Hymenandra,callejasii,NA,NA,CS424
425,Myrsine,paramensis,NA,NA,CS425
426,Myrsine,perreticulata,NA,NA,CS426
427,Chrysophyllum,euryphyllum,NA,NA,CS427
428,Styrax,lasiocalyx,NA,NA,CS428
429,Styrax,schultzei,NA,NA,CS429
430,Symplocos,lehmannii,NA,NA,CS430
431,Symplocos,phaeoneura,NA,NA,CS431
432,Symplocos,pichindensis,NA,NA,CS432
433,Symplocos,quindiuensis,NA,NA,CS433
434,Symplocos,rhomboidea,NA,NA,CS434
435,Symplocos,trianae,NA,NA,CS435
436,Symplocos,venulosa,NA,NA,CS436
437,Aspidosperma,polyneuron,NA,Carreto | Carreto blanco | Costillo | Costillo acanalado (a nivel nacional) | Comulá | Cumulá (Cundinamarca y Tolima) | Quimulá (Cundinamarca y Tolima),CS437
438,Lacmellea,abbreviata,NA,Sande,CS438
439,Malouetia,cuatrecasatis,NA,NA,CS439
440,Mandevilla,aridana,NA,NA,CS440
441,Metastelma,atrovirens,NA,NA,CS441
442,Arachnothryx,educta,NA,NA,CS442
443,Arachnothryx,euryphylla,NA,NA,CS443
444,Arachnothryx,guettardioides,NA,NA,CS444
445,Chomelia,longiflora,NA,NA,CS445
446,Coussarea,antioquiana,NA,NA,CS446
447,Coussarea,insolita,NA,NA,CS447
448,Elaeagia,barbata,NA,NA,CS448
449,Guettarda,ocoteifolia,NA,NA,CS449
450,Joosia,antioquiana,NA,NA,CS450
451,Macrocnemum,stylocarpum,NA,NA,CS451
452,Palicourea,antioquiana,NA,NA,CS452
453,Palicourea,denslowiae,NA,NA,CS453
454,Palicourea,killipii,NA,Mortiño,CS454
455,Psychotria,altiplanensis,NA,NA,CS455
456,Psychotria,gallerana,NA,NA,CS456
457,Psychotria,ovatistipula,NA,NA,CS457
458,Rudgea,vallis,NA,NA,CS458
459,Simira,cesariana,NA,Berraquillo,CS459
460,Simira,hirsuta,NA,NA,CS460
461,Aphelandra,porphyrocarpa,NA,NA,CS461
462,Aphelandra,taborensis,NA,NA,CS462
463,Ruellia,potamophila,NA,NA,CS463
464,Handroanthus,coralibe,NA,Coralibe,CS464
465,Romeroa,verticillata,NA,Cuerillo,CS465
466,Adenocalymma,magdalenense,NA,NA,CS466
467,Besleria,decipiens,NA,NA,CS467
468,Aegiphila,pennellii,NA,NA,CS468
469,Aegiphila,sylvatica,NA,NA,CS469
470,Hyptidendron,arboreum,NA,Gallinazo blanco,CS470
471,Hyptis,purdiei,NA,Mastranto azul de Purdie,CS471
472,Lepechinia,betonicifolia,NA,Matico,CS472
473,Lepechinia,cocuyensis,NA,Savielugo de Cocuy,CS473
474,Lepechinia,velutina,NA,Salvielugo del Chicamocha,CS474
475,Lepechinia,vulcanicola,NA,Salvielugo del Galeras,CS475
476,Mesosphaerum,diffusum,NA,Mastranto serrano,CS476
477,Mesosphaerum,melissoides,NA,Mastranto del Juanambú,CS477
478,Mesosphaerum,obtusatum,NA,Mastranto azul de Nariño,CS478
479,Mesosphaerum,perbullatum,NA,Mastranto azul del Chicamocha,CS479
480,Salvia,alvajaca,NA,Salvia panameña,CS480
481,Salvia,ampelophylla,NA,Salvión morado de Cauca,CS481
482,Salvia,carbonoi,NA,Salvia de Carbonó,CS482
483,Salvia,chicamochae,NA,Salvia azul del Chicamocha,CS483
484,Salvia,cocuyana,NA,Amarguera del Cocuy,CS484
485,Salvia,codazziana,NA,Salvia de Codazzi,CS485
486,Salvia,corrugata,NA,Salvia corrugada,CS486
487,Salvia,cyanotropha,NA,Salvia lanosa de Ocaña,CS487
488,Salvia,falcata,NA,Salvia roja de Talauta,CS488
489,Salvia,funckii,NA,Salvia de Funck,CS489
490,Salvia,hermesiana,NA,Salvia del Cerro Pintado,CS490
491,Salvia,jaramilloi,NA,Salvia de Jaramillo,CS491
492,Salvia,libanensis,NA,Salvia de San Lorenzo,CS492
493,Salvia,macrostachya,NA,Salviarrial,CS493
494,Salvia,manaurica,NA,Salvia de Manaure,CS494
495,Salvia,nubigena,NA,Salvia de las nubes,CS495
496,Salvia,pamplonitana,NA,Salvia de Pamplonita,CS496
497,Salvia,paramicola,NA,Dominico del Almordero,CS497
498,Salvia,rubriflora,NA,Salvia hoja de flecha,CS498
499,Salvia,sagittata,NA,Salvia sagitana del sur,CS499
500,Salvia,sciaphila,NA,Salvia de las sombras,CS500
501,Salvia,sochensis,NA,Salvia de Socha,CS501
502,Salvia,sordida,NA,NA,CS502
503,Salvia,tolimensis,NA,Salvia púrpura del Tolima,CS503
504,Salvia,uribei,NA,Amarguera azul,CS504
505,Salvia,venulosa,NA,Salvia vinosa de Risaralda,CS505
506,Salvia,xeropapillosa,NA,Amarguera papilosa,CS506
507,Satureja,anachoreta,NA,Alhucema del Cerro Pintado,CS507
508,Scutellaria,cuatrecasana,NA,Escutelaria de Cuatrecasas,CS508
509,Scutellaria,hookeri,NA,Escutelaria de Hooker,CS509
510,Scutellaria,parrae,NA,Escutelaria de parra,CS510
511,Scutellaria,pseudocoleus,NA,Albahacón morado,CS511
512,Scutellaria,roseocyanea,NA,Escutelaria de Dabeiba,CS512
513,Stachys,radicans,NA,Bretónica rastrera,CS513
514,Vitex,columbiensis,NA,Aceituno,CS514
515,Chionanthus,abriaquiensis,NA,NA,CS515
516,Aragoa,abscondita,NA,NA,CS516
517,Aragoa,corrugatifolia,NA,NA,CS517
518,Aragoa,cupressina,NA,NA,CS518
519,Aragoa,dugandii,NA,NA,CS519
520,Aragoa,hammenii,NA,NA,CS520
521,Aragoa,parviflora,NA,NA,CS521
522,Aragoa,perez-arbelaeziana,NA,NA,CS522
523,Aragoa,picachensis,NA,NA,CS523
524,Citharexylum,vallense,NA,NA,CS524
525,Metteniusa,cundinamarcensis,NA,NA,CS525
526,Metteniusa,huilensis,NA,NA,CS526
527,Metteniusa,santanderensis,NA,NA,CS527
528,Cestrum,killipii,NA,NA,CS528
529,Solanum,humboldtianum,NA,NA,CS529
530,Browningia,hernandezii,NA,Dato | Canelón,CS530
531,Cephalotomandra,fragrans,NA,Talco,CS531
532,Guapira,uberrima,NA,NA,CS532
533,Triplaris,purdiei,NA,NA,CS533
534,Tripodanthus,belmirensis,NA,NA,CS534
535,Phoradendron,longissimum,NA,NA,CS535
536,Phoradendron,lorifolium,NA,NA,CS536
537,Acoelorraphe,wrightii,NA,Wild Pop Thatch,CS537
538,Aiphanes,acaulis,NA,Mararay sin tallo,CS538
539,Aiphanes,buenaventurae,NA,NA,CS539
540,Aiphanes,duquei,NA,Mararay de Duque,CS540
541,Aiphanes,gelatinosa,NA,Mararay Gelatinoso,CS541
542,Aiphanes,graminifolia,NA,Mararay macanillo,CS542
543,Aiphanes,killipii,NA,NA,CS543
544,Aiphanes,leiostachys,NA,Mararay de San Carlos,CS544
545,Aiphanes,lindeniana,NA,NA,CS545
546,Aiphanes,parvifolia,NA,Mararay hojipequeño,CS546
547,Aiphanes,pilaris,NA,Marary de pilar,CS547
548,Astrocaryum,malybo,NA,Palma estera,CS548
549,Astrocaryum,triandrum,NA,Guatinajo,CS549
550,Attalea,amygdalina,NA,Táparo del Río Cauca,CS550
551,Attalea,cohune,NA,Mamarrón,CS551
552,Attalea,colenda,NA,Palma Real de Tumaco,CS552
553,Attalea,iguadummat,NA,NA,CS553
554,Attalea,nucifera,NA,Almendrón,CS554
555,Bactris,charnleyae,NA,NA,CS555
556,Bactris,rostrata,NA,Chacarrá picudo,CS556
557,Calyptrogyne,costatifrons,NA,NA,CS557
558,Ceroxylon,alpinum,NA,Palma de cera de la zona cafetera,CS558
559,Ceroxylon,ceriferum,NA,NA,CS559
560,Ceroxylon,parvifrons,NA,NA,CS560
561,Ceroxylon,quindiuense,NA,Palma de cera del Quindío,CS561
562,Ceroxylon,sasaimae,NA,Palma de Cera de Sasaima,CS562
563,Ceroxylon,ventricosum,NA,Palma de cera barrigona,CS563
564,Ceroxylon,vogelianum,NA,NA,CS564
565,Chamaedorea,pumila,NA,NA,CS565
566,Chamaedorea,pygmaea,NA,Molinillo enano,CS566
567,Chamaedorea,ricardoi,NA,Molinillo de Ricardo,CS567
568,Chamaedorea,subjectifolia,NA,NA,CS568
569,Coccothrinax,argentata,NA,Palmicha de Providencia,CS569
570,Cryosophila,kalbreyeri,NA,Palma Escoba,CS570
571,Elaeis,oleifera,NA,Nolí,CS571
572,Geonoma,bernalii,NA,NA,CS572
573,Geonoma,chlamydostachys,NA,Geonoma del Magdalena,CS573
574,Geonoma,galeanoae,NA,NA,CS574
575,Geonoma,santanderensis,NA,Geonoma de Santander,CS575
576,Hyospathe,frontinensis,NA,Guagualín de Frontino,CS576
577,Hyospathe,wendlandiana,NA,Guagualín de Wendland,CS577
578,Oenocarpus,circumtextus,NA,Milpesillo de Sabana,CS578
579,Pholidostachys,panamensis,NA,NA,CS579
580,Pholidostachys,sanluisensis,NA,NA,CS580
581,Phytelephas,tumacana,NA,Tagua de Tumaco,CS581
582,Reinhardtia,gracilis,NA,Coquito esbelto,CS582
583,Reinhardtia,koschnyana,NA,Coquito enano,CS583
584,Reinhardtia,simplex,NA,Coquito simple,CS584
585,Roystonea,oleracea,NA,NA,CS585
586,Sabinaria,magnifica,NA,NA,CS586
587,Syagrus,sancona,NA,Sarare,CS587
588,Wettinia,hirsuta,NA,Gualte Mazorca,CS588
589,Wettinia,microcarpa,NA,Maquenque | Gualte Mapora,CS589
590,Eucharis,caucana,NA,NA,CS590
591,Acineta,antioquiae,NA,NA,CS591
592,Acineta,moorei,NA,NA,CS592
593,Andinia,monilia,NA,NA,CS593
594,Anguloa,cliftonii,NA,NA,CS594
595,Anguloa,clowesii,NA,Cuna de Venus,CS595
596,Anguloa,dubia,NA,NA,CS596
597,Anguloa,eburnea,NA,NA,CS597
598,Anguloa,hohenlohii,NA,NA,CS598
599,Anguloa,virginalis,NA,Cuna de Venus,CS599
600,Byrsella,fragrans,NA,NA,CS600
601,Cattleya,dowiana,NA,NA,CS601
602,Cattleya,quadricolor,NA,NA,CS602
603,Cattleya,schroederae,NA,NA,CS603
604,Cattleya,trianae,NA,Flor de mayo | Catleya | Catleya blanca | Catleya de Triana | Flor de mayo | Flor de San Juan | Flor nacional | Lirio de mayo | Orquídea,CS604
605,Cattleya,warscewiczii,NA,Flor de San Juan | Flor de San Roque | Lirio,CS605
606,Comparettia,ignea,NA,NA,CS606
607,Coryanthes,toulemondiana,NA,NA,CS607
608,Coryanthes,vieirae,NA,NA,CS608
609,Coryanthes,villegasiana,NA,NA,CS609
610,Cycnoches,barthiorum,NA,NA,CS610
611,Cycnoches,brachydactylon,NA,NA,CS611
612,Cycnoches,herrenhusanum,NA,NA,CS612
613,Cyrtochilum,betancurii,NA,NA,CS613
614,Cyrtochilum,corniculatum,NA,NA,CS614
615,Cyrtochilum,englerianum,NA,NA,CS615
616,Cyrtochilum,exasperatum,NA,NA,CS616
617,Cyrtochilum,ioplocon,NA,NA,CS617
618,Cyrtochilum,ixioides,NA,NA,CS618
619,Cyrtochilum,leucopterum,NA,NA,CS619
620,Cyrtochilum,misasianum,NA,NA,CS620
621,Dracula,alcithoe,NA,NA,CS621
622,Dracula,amaliae,NA,NA,CS622
623,Dracula,andreettae,NA,NA,CS623
624,Dracula,aphrodes,NA,NA,CS624
625,Dracula,bella,NA,Banderita Linda,CS625
626,Dracula,bellerophon,NA,NA,CS626
627,Dracula,benedictii,NA,NA,CS627
628,Dracula,berthae,NA,NA,CS628
629,Dracula,carcinopsis,NA,NA,CS629
630,Dracula,chiroptera,NA,NA,CS630
631,Dracula,citrina,NA,NA,CS631
632,Dracula,cochliops,NA,NA,CS632
633,Dracula,cutis-bufonis,NA,Piel de sapo,CS633
634,Dracula,decussata,NA,NA,CS634
635,Dracula,diabola,NA,NA,CS635
636,Dracula,diana,NA,NA,CS636
637,Dracula,exasperata,NA,NA,CS637
638,Dracula,gigas,NA,NA,CS638
639,Dracula,gorgona,NA,NA,CS639
640,Dracula,gorgonella,NA,NA,CS640
641,Dracula,insolita,NA,NA,CS641
642,Dracula,lehmanniana,NA,NA,CS642
643,Dracula,lemurella,NA,NA,CS643
644,Dracula,levii,NA,NA,CS644
645,Dracula,ligiae,NA,NA,CS645
646,Dracula,minax,NA,NA,CS646
647,Dracula,nosferatu,NA,NA,CS647
648,Dracula,nycterina,NA,NA,CS648
649,Dracula,octavioi,NA,NA,CS649
650,Dracula,ophioceps,NA,NA,CS650
651,Dracula,orientalis,NA,NA,CS651
652,Dracula,ortiziana,NA,NA,CS652
653,Dracula,pholeodytes,NA,NA,CS653
654,Dracula,posadarum,NA,NA,CS654
655,Dracula,psittacina,NA,NA,CS655
656,Dracula,robledorum,NA,NA,CS656
657,Dracula,roezlii,NA,NA,CS657
658,Dracula,sergioi,NA,NA,CS658
659,Dracula,severa,NA,NA,CS659
660,Dracula,sibundoyensis,NA,NA,CS660
661,Dracula,syndactyla,NA,NA,CS661
662,Dracula,velutina,NA,NA,CS662
663,Dracula,verticulosa,NA,NA,CS663
664,Dracula,villegasii,NA,NA,CS664
665,Dracula,vinacea,NA,NA,CS665
666,Dracula,vlad-tepes,NA,NA,CS666
667,Elleanthus,cinnabarinus,NA,NA,CS667
668,Embreea,rodigasiana,NA,NA,CS668
669,Epidendrum,amayense,NA,NA,CS669
670,Epidendrum,ampelomelanoxeros,NA,NA,CS670
671,Epidendrum,cleefii,NA,NA,CS671
672,Epidendrum,decurviflorum,NA,NA,CS672
673,Epidendrum,fusagasugaense,NA,NA,CS673
674,Epidendrum,heliconaense,NA,NA,CS674
675,Epidendrum,magnibracteum,NA,NA,CS675
676,Epidendrum,ortizii,NA,NA,CS676
677,Epidendrum,pazii,NA,NA,CS677
678,Epidendrum,sisgaense,NA,NA,CS678
679,Epidendrum,uribei,NA,NA,CS679
680,Epidendrum,wolfii,NA,NA,CS680
681,Guarianthe,patinii,NA,NA,CS681
682,Houlletia,conspersa,NA,NA,CS682
683,Lepanthes,arbuscula,NA,NA,CS683
684,Lepanthes,cingens,NA,NA,CS684
685,Lepanthes,cuatrecasasii,NA,NA,CS685
686,Lepanthes,eros,NA,NA,CS686
687,Lepanthes,escobariana,NA,NA,CS687
688,Lepanthes,fibulifera,NA,NA,CS688
689,Lepanthes,ligiae,NA,NA,CS689
690,Lepanthes,oreibates,NA,NA,CS690
691,Lepanthes,osiris,NA,NA,CS691
692,Lepanthes,parmata,NA,NA,CS692
693,Lepanthes,pterygion,NA,NA,CS693
694,Lepanthes,quandi,NA,NA,CS694
695,Lepanthes,tibouchinicola,NA,NA,CS695
696,Lycaste,campbellii,NA,NA,CS696
697,Lycaste,macrobulbon,NA,NA,CS697
698,Lycaste,schilleriana,NA,NA,CS698
699,Lycaste,xytriophora,NA,NA,CS699
700,Lycomormium,schmidtii,NA,NA,CS700
701,Masdevallia,alismifolia,NA,NA,CS701
702,Masdevallia,angulifera,NA,NA,CS702
703,Masdevallia,anisomorpha,NA,NA,CS703
704,Masdevallia,apparitio,NA,NA,CS704
705,Masdevallia,arangoi,NA,NA,CS705
706,Masdevallia,buccinator,NA,NA,CS706
707,Masdevallia,cacodes,NA,NA,CS707
708,Masdevallia,caesia,NA,NA,CS708
709,Masdevallia,caudata,NA,Colibrí,CS709
710,Masdevallia,cerastes,NA,NA,CS710
711,Masdevallia,clandestina,NA,NA,CS711
712,Masdevallia,coccinea,NA,Banderita | San Juanito,CS712
713,Masdevallia,crescenticola,NA,NA,CS713
714,Masdevallia,discolor,NA,NA,CS714
715,Masdevallia,dryada,NA,NA,CS715
716,Masdevallia,elephanticeps,NA,NA,CS716
717,Masdevallia,encephala,NA,NA,CS717
718,Masdevallia,falcago,NA,NA,CS718
719,Masdevallia,fasciata,NA,NA,CS719
720,Masdevallia,foetens,NA,NA,CS720
721,Masdevallia,gilbertoi,NA,NA,CS721
722,Masdevallia,heteroptera,NA,NA,CS722
723,Masdevallia,hians,NA,NA,CS723
724,Masdevallia,hieroglyphica,NA,NA,CS724
725,Masdevallia,hortensis,NA,NA,CS725
726,Masdevallia,hylodes,NA,NA,CS726
727,Masdevallia,ignea,NA,NA,CS727
728,Masdevallia,indecora,NA,NA,CS728
729,Masdevallia,leontoglossa,NA,NA,CS729
730,Masdevallia,ludibunda,NA,NA,CS730
731,Masdevallia,macrura,NA,NA,CS731
732,Masdevallia,mandarina,NA,NA,CS732
733,Masdevallia,marthae,NA,NA,CS733
734,Masdevallia,mastodon,NA,NA,CS734
735,Masdevallia,medusa,NA,NA,CS735
736,Masdevallia,mejiana,NA,NA,CS736
737,Masdevallia,melanoxantha,NA,NA,CS737
738,Masdevallia,meleagris,NA,NA,CS738
739,Masdevallia,misasii,NA,NA,CS739
740,Masdevallia,mooreana,NA,NA,CS740
741,Masdevallia,mutica,NA,NA,CS741
742,Masdevallia,navicularis,NA,NA,CS742
743,Masdevallia,niesseniae,NA,NA,CS743
744,Masdevallia,nivea,NA,NA,CS744
745,Masdevallia,odontocera,NA,NA,CS745
746,Masdevallia,os-draconis,NA,NA,CS746
747,Masdevallia,oscarii,NA,NA,CS747
748,Masdevallia,pachyantha,NA,NA,CS748
749,Masdevallia,pachysepala,NA,NA,CS749
750,Masdevallia,pardina,NA,NA,CS750
751,Masdevallia,pastinata,NA,NA,CS751
752,Masdevallia,pescadoensis,NA,NA,CS752
753,Masdevallia,pteroglossa,NA,NA,CS753
754,Masdevallia,pterygiophora,NA,NA,CS754
755,Masdevallia,purpurella,NA,NA,CS755
756,Masdevallia,racemosa,NA,NA,CS756
757,Masdevallia,renzii,NA,NA,CS757
758,Masdevallia,rhinophora,NA,NA,CS758
759,Masdevallia,saltatrix,NA,NA,CS759
760,Masdevallia,sanctae-rosae,NA,NA,CS760
761,Masdevallia,schizantha,NA,NA,CS761
762,Masdevallia,schlimii,NA,NA,CS762
763,Masdevallia,schmidt-mummii,NA,NA,CS763
764,Masdevallia,scobina,NA,NA,CS764
765,Masdevallia,segurae,NA,NA,CS765
766,Masdevallia,sernae,NA,NA,CS766
767,Masdevallia,siphonantha,NA,NA,CS767
768,Masdevallia,stenorhynchos,NA,NA,CS768
769,Masdevallia,sumapazensis,NA,NA,CS769
770,Masdevallia,trochilus,NA,Colibrí,CS770
771,Masdevallia,urceolaris,NA,NA,CS771
772,Masdevallia,valenciae,NA,NA,CS772
773,Masdevallia,velella,NA,NA,CS773
774,Masdevallia,velifera,NA,NA,CS774
775,Masdevallia,ventricularia,NA,NA,CS775
776,Masdevallia,vieirana,NA,NA,CS776
777,Masdevallia,virgo-cuencae,NA,NA,CS777
778,Masdevallia,wuellneri,NA,NA,CS778
779,Masdevallia,xanthina,NA,NA,CS779
780,Masdevallia,zapatae,NA,NA,CS780
781,Miltoniopsis,phalaenopsis,NA,Santa Bárbara | Pensamiento de monte,CS781
782,Miltoniopsis,vexillaria,NA,Josefina | Orquídea pensamiento,CS782
783,Odontoglossum,aspidorhinum,NA,NA,CS783
784,Odontoglossum,blandum,NA,NA,CS784
785,Odontoglossum,crinitum,NA,NA,CS785
786,Odontoglossum,crocidipterum,NA,NA,CS786
787,Odontoglossum,gloriosum,NA,NA,CS787
788,Odontoglossum,harryanum,NA,NA,CS788
789,Odontoglossum,mirandum,NA,NA,CS789
790,Odontoglossum,naevium,NA,NA,CS790
791,Odontoglossum,nevadense,NA,NA,CS791
792,Odontoglossum,povedanum,NA,NA,CS792
793,Odontoglossum,praenitens,NA,NA,CS793
794,Odontoglossum,revolutum,NA,NA,CS794
795,Odontoglossum,rhynchanthum,NA,NA,CS795
796,Odontoglossum,subuligerum,NA,NA,CS796
797,Odontoglossum,tripudians,NA,NA,CS797
798,Odontoglossum,wallisii,NA,NA,CS798
799,Oncidium,alberti,NA,NA,CS799
800,Oncidium,alvarezii,NA,NA,CS800
801,Oncidium,auriculatum,NA,NA,CS801
802,Oncidium,cuculligerum,NA,NA,CS802
803,Oncidium,decorum,NA,NA,CS803
804,Oncidium,nevadense,NA,NA,CS804
805,Oncidium,nobile,NA,NA,CS805
806,Oncidium,panduratoides,NA,NA,CS806
807,Oncidium,povedanum,NA,NA,CS807
808,Otoglossum,arminii,NA,NA,CS808
809,Peristeria,cochlearis,NA,NA,CS809
810,Phragmipedium,schlimii,NA,NA,CS810
811,Pleurothallis,killipii,NA,NA,CS811
812,Pleurothallis,mundula,NA,NA,CS812
813,Polycycnis,lehmannii,NA,NA,CS813
814,Polycycnis,villegasiana,NA,NA,CS814
815,Pterichis,colombiana,NA,NA,CS815
816,Restrepia,aristulifera,NA,NA,CS816
817,Restrepia,aspasicensis,NA,NA,CS817
818,Restrepia,chameleon,NA,NA,CS818
819,Restrepia,chocoensis,NA,NA,CS819
820,Restrepia,chrysoglossa,NA,NA,CS820
821,Restrepia,cuprea,NA,NA,CS821
822,Restrepia,echinata,NA,NA,CS822
823,Restrepia,echo,NA,NA,CS823
824,Restrepia,escobariana,NA,NA,CS824
825,Restrepia,falkenbergii,NA,NA,CS825
826,Restrepia,limbata,NA,NA,CS826
827,Restrepia,metae,NA,NA,CS827
828,Restrepia,nittiorhyncha,NA,NA,CS828
829,Restrepia,pandurata,NA,NA,CS829
830,Restrepia,purpurea,NA,NA,CS830
831,Restrepia,sanguinea,NA,NA,CS831
832,Restrepia,seketii,NA,NA,CS832
833,Restrepia,tabeae,NA,NA,CS833
834,Restrepia,tsubotae,NA,NA,CS834
835,Sievekingia,colombiana,NA,NA,CS835
836,Sievekingia,filifera,NA,NA,CS836
837,Stanhopea,platyceras,NA,NA,CS837
838,Stanhopea,shuttleworthii,NA,NA,CS838
839,Stanhopea,tolimensis,NA,NA,CS839
840,Sigmatostalix,pandurata,NA,NA,CS840
841,Trevoria,chloris,NA,NA,CS841
842,Trigonochilum,bachmannii,NA,NA,CS842
843,Aechmea,andaquiensis,NA,NA,CS843
844,Aechmea,anomala,NA,NA,CS844
845,Aechmea,baudoensis,NA,NA,CS845
846,Aechmea,confertiflora,NA,NA,CS846
847,Aechmea,confusa,NA,NA,CS847
848,Aechmea,politii,NA,NA,CS848
849,Aechmea,romeroi,NA,NA,CS849
850,Aechmea,tessmannii,NA,NA,CS850
851,Aechmea,zebrina,NA,NA,CS851
852,Billbergia,ambigua,NA,NA,CS852
853,Billbergia,macrolepis,NA,NA,CS853
854,Billbergia,rupestris,NA,NA,CS854
855,Brewcaria,reflexa,NA,NA,CS855
856,Bromelia,fragilis,NA,NA,CS856
857,Bromelia,nidus-puellae,NA,NA,CS857
858,Bromelia,trianae,NA,NA,CS858
859,Greigia,aristeguietae,NA,NA,CS859
860,Greigia,columbiana,NA,NA,CS860
861,Greigia,mulfordii,NA,NA,CS861
862,Greigia,collina,NA,NA,CS862
863,Greigia,danielii,NA,NA,CS863
864,Greigia,nubigena,NA,NA,CS864
865,Greigia,ocellata,NA,NA,CS865
866,Guzmania,attenuata,NA,NA,CS866
867,Guzmania,bakeri,NA,NA,CS867
868,Guzmania,betancurii,NA,NA,CS868
869,Guzmania,breviscapa,NA,NA,CS869
870,Guzmania,cylindrica,NA,NA,CS870
871,Guzmania,delicatula,NA,NA,CS871
872,Guzmania,formosa,NA,NA,CS872
873,Guzmania,goudotiana,NA,NA,CS873
874,Guzmania,hitchcockiana,NA,NA,CS874
875,Guzmania,longipetala,NA,NA,CS875
876,Guzmania,pallida,NA,NA,CS876
877,Guzmania,palustris,NA,NA,CS877
878,Guzmania,polycephala,NA,NA,CS878
879,Guzmania,radiata,NA,NA,CS879
880,Guzmania,regalis,NA,NA,CS880
881,Guzmania,rugosa,NA,NA,CS881
882,Guzmania,wittmackii,NA,NA,CS882
883,Hohenbergia,andina,NA,NA,CS883
884,Mezobromelia,bicolor,NA,NA,CS884
885,Pepinia,alborubra,NA,NA,CS885
886,Pepinia,cuatrecasana,NA,NA,CS886
887,Pepinia,heliophila,NA,NA,CS887
888,Pepinia,juncoides,NA,NA,CS888
889,Pepinia,killipiana,NA,NA,CS889
890,Pepinia,pectinata,NA,NA,CS890
891,Pepinia,quesnelioides,NA,NA,CS891
892,Pitcairnia,altoatratoensis,NA,NA,CS892
893,Pitcairnia,alversonii,NA,NA,CS893
894,Pitcairnia,arenicola,NA,NA,CS894
895,Pitcairnia,barrigae,NA,NA,CS895
896,Pitcairnia,basincurva,NA,NA,CS896
897,Pitcairnia,delicata,NA,NA,CS897
898,Pitcairnia,dolichopetala,NA,NA,CS898
899,Pitcairnia,elongata,NA,NA,CS899
900,Pitcairnia,fluvialis,NA,NA,CS900
901,Pitcairnia,foreroi,NA,NA,CS901
902,Pitcairnia,fosteriana,NA,NA,CS902
903,Pitcairnia,grubbiana,NA,NA,CS903
904,Pitcairnia,guaritermae,NA,NA,CS904
905,Pitcairnia,huilensis,NA,NA,CS905
906,Pitcairnia,jaramilloi,NA,NA,CS906
907,Pitcairnia,johannis,NA,NA,CS907
908,Pitcairnia,kniphofioides,NA,NA,CS908
909,Pitcairnia,lindae,NA,NA,CS909
910,Pitcairnia,macrobotrys,NA,NA,CS910
911,Pitcairnia,occidentalis,NA,NA,CS911
912,Pitcairnia,palmoides,NA,NA,CS912
913,Pitcairnia,petraea,NA,NA,CS913
914,Pitcairnia,poortmanii,NA,NA,CS914
915,Pitcairnia,ramosii,NA,NA,CS915
916,Pitcairnia,rigida,NA,NA,CS916
917,Pitcairnia,schultzei,NA,NA,CS917
918,Pitcairnia,semaphora,NA,NA,CS918
919,Pitcairnia,stenophylla,NA,NA,CS919
920,Pitcairnia,sylvestris,NA,NA,CS920
921,Pitcairnia,tolimensis,NA,NA,CS921
922,Pitcairnia,trimorpha,NA,NA,CS922
923,Pitcairnia,woronowii,NA,NA,CS923
924,Puya,aristeguietae,NA,NA,CS924
925,Puya,barkleyana,NA,NA,CS925
926,Puya,boyacana,NA,NA,CS926
927,Puya,cleefii,NA,NA,CS927
928,Puya,cuatrecasasii,NA,NA,CS928
929,Puya,dichroa,NA,NA,CS929
930,Puya,exuta,NA,NA,CS930
931,Puya,furfuracea,NA,NA,CS931
932,Puya,gargantae,NA,NA,CS932
933,Puya,grantii,NA,NA,CS933
934,Puya,grubbii,NA,NA,CS934
935,Puya,killipii,NA,NA,CS935
936,Puya,lehmanniana,NA,NA,CS936
937,Puya,loca,NA,NA,CS937
938,Puya,ochroleuca,NA,NA,CS938
939,Puya,roldanii,NA,NA,CS939
940,Puya,sanctae-martae,NA,NA,CS940
941,Puya,santanderensis,NA,NA,CS941
942,Puya,thomasiana,NA,NA,CS942
943,Puya,venezuelana,NA,NA,CS943
944,Puya,vestita,NA,NA,CS944
945,Racinaea,sanctae-martae,NA,NA,CS945
946,Ronnbergia,nidularioides,NA,NA,CS946
947,Ronnbergia,subpetiolata,NA,NA,CS947
948,Ronnbergia,viridispica,NA,NA,CS948
949,Steyerbromelia,naquenensis,NA,NA,CS949
950,Tillandsia,acuminata,NA,NA,CS950
951,Tillandsia,brevior,NA,NA,CS951
952,Tillandsia,breviturneri,NA,NA,CS952
953,Tillandsia,chartacea,NA,NA,CS953
954,Tillandsia,cuatrecasasii,NA,NA,CS954
955,Tillandsia,engleriana,NA,NA,CS955
956,Tillandsia,excavata,NA,NA,CS956
957,Tillandsia,fassettii,NA,NA,CS957
958,Tillandsia,fusiformis,NA,NA,CS958
959,Tillandsia,pallescens,NA,NA,CS959
960,Tillandsia,racinae,NA,NA,CS960
961,Tillandsia,rariflora,NA,NA,CS961
962,Tillandsia,reversa,NA,NA,CS962
963,Tillandsia,romeroi,NA,NA,CS963
964,Tillandsia,schimperiana,NA,NA,CS964
965,Tillandsia,sigmoidea,NA,NA,CS965
966,Tillandsia,suescana,NA,NA,CS966
967,Vriesea,hodgei,NA,NA,CS967
968,Vriesea,ospinae,NA,NA,CS968
969,Werauhia,verrucosa,NA,NA,CS969
970,Aniba,novo-granatensis,NA,NA,CS970
971,Aniba,perutilis,NA,Comino,CS971
972,Aniba,rosaeodora,NA,Palo de Rosa,CS972
973,Caryodaphnopsis,cogolloi,NA,Yumbé,CS973
974,Licaria,cogolloi,NA,NA,CS974
975,Licaria,tenuifolia,NA,NA,CS975
976,Mespilodaphne,quixos,NA,Canelo de los Andaquíes,CS976
977,Ocotea,antioquiensis,NA,NA,CS977
978,Ocotea,cuatrecasasii,NA,NA,CS978
979,Ocotea,pedicellata,NA,NA,CS979
980,Ocotea,umbrina,NA,NA,CS980
981,Persea,chrysophylla,NA,Aguacatillo,CS981
982,Pleurothyrium,bracteatum,NA,NA,CS982
983,Rhodostemonodaphne,antioquensis,NA,Laurel,CS983
984,Rhodostemonodaphne,frontinensis,NA,NA,CS984
985,Rhodostemonodaphne,velutina,NA,NA,CS985
986,Williamodendron,quadrilocellatum,NA,NA,CS986
987,Siparuna,lozaniana,NA,Limoncillo,CS987
988,Annona,rufinervis,NA,Guanabana de monte,CS988
989,Duguetia,colombiana,NA,Guanabanito,CS989
990,Oxandra,oblongifolia,NA,NA,CS990
991,Pseudoxandra,sclerocarpa,NA,NA,CS991
992,Pseudoxandra,vallicola,NA,Cargadero,CS992
993,Unonopsis,megalophylla,NA,Garrapata,CS993
994,Magnolia,arcabucoana,NA,Magnolio de Arcabuco,CS994
995,Magnolia,argyrothricha,NA,Totumo,CS995
996,Magnolia,calimaensis,NA,Almanegra del Calima,CS996
997,Magnolia,calophylla,NA,Cucharillo de Barbacoas,CS997
998,Magnolia,cararensis,NA,Almanegra de Tamá,CS998
999,Magnolia,caricaefragrans,NA,Hojarasco Apiorruncho,CS999
1000,Magnolia,cespedesii,NA,Molinillo Cape,CS1000
1001,Magnolia,chimantensis,NA,Magnolio de los Yariguíes,CS1001
1002,Magnolia,chocoensis,NA,Copachí de Tatamá,CS1002
1003,Magnolia,colombiana,NA,Almanegra de Los Guácharos,CS1003
1004,Magnolia,coronata,NA,NA,CS1004
1005,Magnolia,espinalii,NA,Hojarasco del Espinal,CS1005
1006,Magnolia,georgii,NA,Cucharo de la cordillera Oriental,CS1006
1007,Magnolia,gilbertoi,NA,Hojarasco de Gilberto,CS1007
1008,Magnolia,guatapensis,NA,Almanegra de Guatapé,CS1008
1009,Magnolia,henaoi,NA,Hojarasco de Henao,CS1009
1010,Magnolia,hernandezii,NA,Molinillo del río Cauca,CS1010
1011,Magnolia,jardinensis,NA,NA,CS1011
1012,Magnolia,katiorum,NA,Almanegra de Urabá,CS1012
1013,Magnolia,lenticellata,NA,Almanegra de Las Orquídeas,CS1013
1014,Magnolia,mahechae,NA,Laurel Almanegra,CS1014
1015,Magnolia,narinensis,NA,Cucharillo,CS1015
1016,Magnolia,neomagnifolia,NA,Molinillo charambirá,CS1016
1017,Magnolia,polyhypsophylla,NA,Almanegra de ventanas,CS1017
1018,Magnolia,rimachii,NA,NA,CS1018
1019,Magnolia,sambuensis,NA,Molinillo Guanábano,CS1019
1020,Magnolia,santanderiana,NA,Magnolio de Santander,CS1020
1021,Magnolia,silvioi,NA,Guanábano de Monte,CS1021
1022,Magnolia,striatifolia,NA,Palo cucharillo,CS1022
1023,Magnolia,urraoensis,NA,Almanegra de Urrao,CS1023
1024,Magnolia,virolinensis,NA,Platero,CS1024
1025,Magnolia,wolfii,NA,Hojarasco de Santa Rosa,CS1025
1026,Magnolia,yarumalensis,NA,Almanegra de Yarumal,CS1026
1027,Compsoneura,anoriensis,NA,Castaño de Anorí,CS1027
1028,Iryanthera,megistocarpa,NA,Sota,CS1028
1029,Otoba,acuminata,NA,Otobo,CS1029
1030,Otoba,lehmannii,NA,Cuángare otobo,CS1030
1031,Virola,dixonii,NA,Cuángare de Dixon,CS1031
1032,Peperomia,andrei,NA,NA,CS1032
1033,Peperomia,santanderana,NA,NA,CS1033
1034,Piper,insignilaminum,NA,NA,CS1034
1035,Piper,sabaletasanum,NA,NA,CS1035
1036,Piper,subtomentosum,NA,NA,CS1036
1037,Meliosma,antioquiensis,NA,NA,CS1037
1038,Meliosma,caucana,NA,NA,CS1038
1039,Meliosma,cundinamarcensis,NA,Baboso | Babillo | Calabazo,CS1039
1040,Meliosma,glossophylla,NA,Granadillo,CS1040
1041,Meliosma,lindae,NA,NA,CS1041
1042,Berberis,carupensis,NA,NA,CS1042
1043,Berberis,cuatrecasasii,NA,NA,CS1043
1044,Berberis,meollacensis,NA,NA,CS1044
1045,Berberis,sumapazana,NA,NA,CS1045
1046,Berberis,tabiensis,NA,Uña de gato,CS1046
1047,Berberis,uribei,NA,NA,CS1047
1048,Capparidastrum,grandiflorum,NA,NA,CS1048
1049,Vasconcellea,sphaerocarpa,NA,Papaya de monte | Higuillo negro | Papayo silvestre,CS1049
1050,Monteverdia,corei,NA,NA,CS1050
1051,Brownea,santanderensis,NA,Ariza,CS1051
1052,Browneopsis,sanintiae,NA,NA,CS1052
1053,Libidibia,ebano,NA,Ébano,CS1053
1054,Chloroleucon,sempervivum,NA,Parasiempre,CS1054
1055,Clathrotropis,brunnea,NA,Sapán,CS1055
1056,Dipteryx,oleifera,NA,Choibá,CS1056
1057,Klugiodendron,umbrianum,NA,NA,CS1057
1058,Lonchocarpus,antioquiensis,NA,NA,CS1058
1059,Lupinus,colombiensis,NA,NA,CS1059
1060,Mimosa,trianae,NA,Yopo,CS1060
1061,Mora,oleifera,NA,Nato,CS1061
1062,Muellera,burkartii,NA,Macurutú,CS1062
1063,Ormosia,cuatrecasasii,NA,Chochos,CS1063
1064,Ormosia,revoluta,NA,NA,CS1064
1065,Peltogyne,purpurea,NA,Nazareno,CS1065
1066,Piptadenia,uliginosa,NA,NA,CS1066
1067,Prioria,copaifera,NA,Cativo,CS1067
1068,Pseudopiptadenia,colombiana,NA,NA,CS1068
1069,Swartzia,amabale,NA,NA,CS1069
1070,Swartzia,magdalenae,NA,Loto,CS1070
1071,Swartzia,mucronifera,NA,NA,CS1071
1072,Swartzia,radiale,NA,NA,CS1072
1073,Zapoteca,microcephala,NA,NA,CS1073
1074,Zygia,andaquiensis,NA,NA,CS1074
1075,Zygia,codonocalyx,NA,NA,CS1075
1076,Zygia,garcia-barrigae,NA,Carbonero,CS1076
1077,Zygia,hernandezii,NA,Rayado,CS1077
1078,Zygia,lehmannii,NA,Escobillo,CS1078
1079,Zygia,multipunctata,NA,NA,CS1079
1080,Acanthocladus,colombianus,NA,Manteco,CS1080
1081,Colombobalanus,excelsa,NA,Roble Negro,CS1081
1082,Quercus,humboldtii,NA,Roble,CS1082
1083,Juglans,neotropica,NA,Nogal,CS1083
1084,Perrottetia,calva,NA,Guayacán,CS1084
1085,Perrottetia,colorata,NA,NA,CS1085
1086,Perrottetia,guacharana,NA,NA,CS1086
1087,Perrottetia,maxima,NA,NA,CS1087
1088,Mayna,pubescens,NA,NA,CS1088
1089,Mayna,suaveolens,NA,Madroñito,CS1089
1090,Marila,geminata,NA,Estoraque,CS1090
1091,Anthodiscus,montanus,NA,NA,CS1091
1092,Caryocar,amygdaliferum,NA,Almendrón,CS1092
1093,Cordillera,platycalyx,NA,Mapurito montañero,CS1093
1094,Hirtella,enneandra,NA,NA,CS1094
1095,Hirtella,leonotis,NA,NA,CS1095
1096,Hirtella,magnifolia,NA,NA,CS1096
1097,Hirtella,maguirei,NA,NA,CS1097
1098,Hirtella,tubiflora,NA,NA,CS1098
1099,Hirtella,vesiculosa,NA,NA,CS1099
1100,Hymenopus,lasseri,NA,NA,CS1100
1101,Hymenopus,minutiflorus,NA,Carbonero,CS1101
1102,Leptobalanus,calvescens,NA,NA,CS1102
1103,Leptobalanus,cuatrecasasii,NA,NA,CS1103
1104,Leptobalanus,cuspidatus,NA,NA,CS1104
1105,Licania,arborea,NA,Garcero | Cañagria | Tapaliso,CS1105
1106,Licania,calvescens,NA,NA,CS1106
1107,Licania,cuspidata,NA,NA,CS1107
1108,Licania,durifolia,NA,NA,CS1108
1109,Licania,espinae,NA,NA,CS1109
1110,Licania,glauca,NA,NA,CS1110
1111,Licania,pittieri,NA,NA,CS1111
1112,Licania,platypus,NA,NA,CS1112
1113,Licania,silvae,NA,NA,CS1113
1114,Licania,sparsipilis,NA,NA,CS1114
1115,Moquilea,cabrerae,NA,Caimito,CS1115
1116,Moquilea,salicifolia,NA,NA,CS1116
1117,Moquilea,velata,NA,NA,CS1117
1118,Parinari,pachyphylla,NA,Perehuétano,CS1118
1119,Parinari,parvifolia,NA,NA,CS1119
1120,Parinari,romeroi,NA,Amburé,CS1120
1121,Chrysochlamys,goudotii,NA,NA,CS1121
1122,Clusia,caicedoi,NA,Mandul,CS1122
1123,Clusia,caryophylloides,NA,NA,CS1123
1124,Clusia,chusqueae,NA,NA,CS1124
1125,Clusia,cundinamarcensis,NA,NA,CS1125
1126,Clusia,diguensis,NA,NA,CS1126
1127,Clusia,fistulosa,NA,NA,CS1127
1128,Clusia,hachensis,NA,Copey,CS1128
1129,Clusia,lehmannii,NA,NA,CS1129
1130,Clusia,nervosa,NA,NA,CS1130
1131,Clusia,polyandra,NA,NA,CS1131
1132,Clusia,rubescens,NA,NA,CS1132
1133,Clusia,tequendamae,NA,NA,CS1133
1134,Clusia,volubilis,NA,Mate,CS1134
1135,Garcinia,pulvinata,NA,NA,CS1135
1136,Dichapetalum,donnell-smithii,NA,NA,CS1136
1137,Dichapetalum,foreroi,NA,Vijo,CS1137
1138,Dichapetalum,rugosum,NA,NA,CS1138
1139,Stephanopodium,cuspidatum,NA,NA,CS1139
1140,Stephanopodium,gentryi,NA,NA,CS1140
1141,Tapura,bullata,NA,NA,CS1141
1142,Tapura,colombiana,NA,Nacedero,CS1142
1143,Erythroxylum,cassinoides,NA,NA,CS1143
1144,Erythroxylum,plowmanianum,NA,Coca de monte,CS1144
1145,Erythroxylum,riverae,NA,NA,CS1145
1146,Acalypha,inaequilatera,NA,NA,CS1146
1147,Conceveiba,santanderensis,NA,Casaco,CS1147
1148,Croton,aristophlebius,NA,Guacamayo,CS1148
1149,Croton,ater,NA,NA,CS1149
1150,Croton,boavitanus,NA,NA,CS1150
1151,Croton,cupreatus,NA,Candelero | Candelero real | Guacamayo | Danto | Mopo,CS1151
1152,Croton,rufolepidotus,NA,NA,CS1152
1153,Croton,sibundoyensis,NA,NA,CS1153
1154,Hypericum,parallelum,NA,NA,CS1154
1155,Hypericum,pimeleoides,NA,NA,CS1155
1156,Humiriastrum,procerum,NA,Chanul,CS1156
1157,Amorimia,concinna,NA,NA,CS1157
1158,Bunchosia,anomala,NA,NA,CS1158
1159,Passiflora,bracteosa,NA,Curuba de Santander,CS1159
1160,Passiflora,bucaramangensis,NA,Pasiflora de Bucaramanga,CS1160
1161,Passiflora,callistemma,NA,Pasiflora de Morales,CS1161
1162,Passiflora,colombiana,NA,Curuba pastusa,CS1162
1163,Passiflora,cremastantha,NA,Curuba de Coconuco,CS1163
1164,Passiflora,crispolanata,NA,Curuba crespa,CS1164
1165,Passiflora,dawei,NA,Pasiflora de Cundinamarca,CS1165
1166,Passiflora,engleriana,NA,Pasiflora de Engler,CS1166
1167,Passiflora,erythrophylla,NA,Pasiflora de hojitas rojas,CS1167
1168,Passiflora,haughtii,NA,Pasiflora del Carare,CS1168
1169,Passiflora,jardinensis,NA,Curuba de Jardín,CS1169
1170,Passiflora,lindeniana,NA,Pasiflora de Linden,CS1170
1171,Passiflora,linearistipula,NA,Curuba del Ruiz,CS1171
1172,Passiflora,magdalenae,NA,Curuba del Magdalena,CS1172
1173,Passiflora,magnifica,NA,Granadilla magnífica,CS1173
1174,Passiflora,pamplonensis,NA,Curuba de Pamplona,CS1174
1175,Passiflora,pennellii,NA,Pasiflora de Quetame,CS1175
1176,Passiflora,semiciliosa,NA,Palcha,CS1176
1177,Passiflora,sierrae,NA,Pasiflora de la Sierra,CS1177
1178,Passiflora,tenerifensis,NA,Curuba de Tenerife,CS1178
1179,Passiflora,trianae,NA,Curuba de Triana,CS1179
1180,Passiflora,trisulca,NA,Gulupa paisa,CS1180
1181,Passiflora,uribei,NA,Curuba de Uribe,CS1181
1182,Ouratea,pyrifera,NA,NA,CS1182
1183,Cassipourea,floribunda,NA,NA,CS1183
1184,Neosprucea,sararensis,NA,NA,CS1184
1185,Xylosma,obovata,NA,NA,CS1185
1186,Rinorea,antioquiensis,NA,NA,CS1186
1187,Rinorea,cordata,NA,NA,CS1187
1188,Rinorea,hymenosepala,NA,NA,CS1188
1189,Rinorea,marginata,NA,NA,CS1189
1190,Ayenia,cuatrecasae,NA,NA,CS1190
1191,Ayenia,klugii,NA,NA,CS1191
1192,Bernoullia,uribeana,NA,Algodón de monte,CS1192
1193,Cavanillesia,chicamochae,NA,Ceiba barrigona,CS1193
1194,Ceiba,samauma,NA,Volador,CS1194
1195,Gaya,mutisiana,NA,NA,CS1195
1196,Herrania,umbratica,NA,Cacao de monte,CS1196
1197,Huberodendron,patinoi,NA,Carrá,CS1197
1198,Matisia,carderi,NA,Cabuyo,CS1198
1199,Matisia,dowdingii,NA,Almirajó de monte,CS1199
1200,Matisia,serpicostata,NA,NA,CS1200
1201,Matisia,sulcata,NA,NA,CS1201
1202,Melochia,colombiana,NA,NA,CS1202
1203,Pachira,mutisiana,NA,Jaguito,CS1203
1204,Pachira,pulchra,NA,Motoso,CS1204
1205,Pachira,quinata,NA,Ceiba Toluá,CS1205
1206,Phragmotheca,lemniscata,NA,NA,CS1206
1207,Phragmotheca,mambitana,NA,Zapote de montaña,CS1207
1208,Phragmotheca,rubriflora,NA,NA,CS1208
1209,Quararibea,cacao,NA,Cacao simarron | Palo bastón,CS1209
1210,Quararibea,foenigraeca,NA,Verraquillo,CS1210
1211,Quararibea,rangelii,NA,Guamo rosado | Coco cristal,CS1211
1212,Quararibea,ruiziana,NA,NA,CS1212
1213,Spirotheca,mahechae,NA,Palosanto,CS1213
1214,Daphnopsis,anomala,NA,Falso Mare,CS1214
1215,Adelobotrys,antioquiensis,NA,NA,CS1215
1216,Allomaieta,hirsuta,NA,NA,CS1216
1217,Blakea,argentea,NA,NA,CS1217
1218,Blakea,clusiifolia,NA,Macanillo,CS1218
1219,Blakea,discolor,NA,NA,CS1219
1220,Blakea,longipes,NA,NA,CS1220
1221,Blakea,muricata,NA,NA,CS1221
1222,Blakea,schultzei,NA,NA,CS1222
1223,Blakea,squamigera,NA,NA,CS1223
1224,Blakea,superba,NA,NA,CS1224
1225,Chalybea,corymbifera,NA,NA,CS1225
1226,Chalybea,kirkbridei,NA,NA,CS1226
1227,Chalybea,macrocarpa,NA,NA,CS1227
1228,Chalybea,mutisiana,NA,NA,CS1228
1229,Chalybea,occidentalis,NA,NA,CS1229
1230,Graffenrieda,maklenkensis,NA,NA,CS1230
1231,Henriettea,maguirei,NA,NA,CS1231
1232,Killipia,pedunculata,NA,NA,CS1232
1233,Meriania,albertiae,NA,NA,CS1233
1234,Meriania,antioquiensis,NA,NA,CS1234
1235,Meriania,arizae,NA,NA,CS1235
1236,Meriania,barbosae,NA,NA,CS1236
1237,Meriania,colombiana,NA,Tuno rojo,CS1237
1238,Meriania,mutabilis,NA,NA,CS1238
1239,Meriania,pallida,NA,NA,CS1239
1240,Meriania,umbellata,NA,NA,CS1240
1241,Meriania,versicolor,NA,NA,CS1241
1242,Miconia,acanthocoryne,NA,NA,CS1242
1243,Miconia,annulata,NA,Tuno,CS1243
1244,Miconia,antioquiensis,NA,NA,CS1244
1245,Miconia,bella,NA,NA,CS1245
1246,Miconia,blakeifolia,NA,NA,CS1246
1247,Miconia,caucana,NA,NA,CS1247
1248,Miconia,macrantha,NA,NA,CS1248
1249,Miconia,majalis,NA,Flor de mayo,CS1249
1250,Miconia,miocarpa,NA,Tuno,CS1250
1251,Miconia,parvifolia,NA,NA,CS1251
1252,Miconia,pastoensis,NA,NA,CS1252
1253,Miconia,rava,NA,NA,CS1253
1254,Miconia,reclinata,NA,Tunito,CS1254
1255,Miconia,rigens,NA,NA,CS1255
1256,Miconia,setosa,NA,NA,CS1256
1257,Miconia,subsessilifolia,NA,Nigüito,CS1257
1258,Miconia,voronovii,NA,Tuno,CS1258
1259,Mouriri,colombiana,NA,NA,CS1259
1260,Tibouchina,paleacea,NA,NA,CS1260
1261,Eugenia,variareolata,NA,NA,CS1261
1262,Myrcia,estoraquensis,NA,Guayabillo,CS1262
1263,Myrcia,lozanoi,NA,Guayabo liso,CS1263
1264,Myrcia,pseudobrunneica,NA,NA,CS1264
1265,Vochysia,antioquiae,NA,NA,CS1265
1266,Vochysia,artantha,NA,NA,CS1266
1267,Vochysia,magna,NA,NA,CS1267
1268,Vochysia,pacifica,NA,Sorogá,CS1268
1269,Brunellia,amayensis,NA,NA,CS1269
1270,Brunellia,boqueronensis,NA,Cedrillo,CS1270
1271,Brunellia,latifolia,NA,NA,CS1271
1272,Brunellia,macrophylla,NA,Aliso,CS1272
1273,Brunellia,occidentalis,NA,Cedrillo de rastrojo,CS1273
1274,Brunellia,pallida,NA,Maní,CS1274
1275,Brunellia,racemifera,NA,Chiraco,CS1275
1276,Brunellia,rufa,NA,NA,CS1276
1277,Brunellia,stuebelii,NA,NA,CS1277
1278,Brunellia,velutina,NA,NA,CS1278
1279,Rourea,antioquensis,NA,NA,CS1279
1280,Weinmannia,parvifoliolata,NA,NA,CS1280
1281,Weinmannia,tolimensis,NA,Encenillo,CS1281
1282,Sloanea,esmeraldana,NA,NA,CS1282
1283,Sloanea,garcia-cossioi,NA,NA,CS1283
1284,Sloanea,helianthoides,NA,NA,CS1284
1285,Sloanea,huilaeana,NA,NA,CS1285
1286,Sloanea,loquitoi,NA,NA,CS1286
1287,Sloanea,pseudogranulosa,NA,NA,CS1287
1288,Ficus,eliadis,NA,Copé | Matapalo,CS1288
1289,Ficus,guatiquiae,NA,NA,CS1289
1290,Ficus,tequendamae,NA,Tapás,CS1290
1291,Karwinskia,colombiana,NA,NA,CS1291
1292,Ampelocera,albertiae,NA,Costillo,CS1292
1293,Cecropia,goudotiana,NA,Yarumo,CS1293
1294,Cecropia,multisecta,NA,NA,CS1294
1295,Coussapoa,tolimensis,NA,NA,CS1295
1296,Mauria,cuatrecasasii,NA,Palo Hernández,CS1296
1297,Mauria,obtusifolia,NA,Tatacuá,CS1297
1298,Dacryodes,colombiana,NA,Anime blanco,CS1298
1299,Dacryodes,hydriflora,NA,NA,CS1299
1300,Cedrela,odorata,NA,Cedro,CS1300
1301,Ruagea,smithii,NA,Fresno,CS1301
1302,Swietenia,macrophylla,NA,Caoba,CS1302
1303,Trichilia,carinata,NA,NA,CS1303
1304,Trichilia,oligofoliolata,NA,NA,CS1304
1305,Zanthoxylum,gentryi,NA,NA,CS1305
1306,Cupania,semiglabra,NA,NA,CS1306
1307,Melicoccus,antioquensis,NA,Mamoncillo silvestre,CS1307
1308,Paullinia,globosa,NA,NA,CS1308
1309,Talisia,stricta,NA,Matapuerco,CS1309
1310,Bulnesia,arborea,NA,Guayacán | Guayacán de bola | Guayacán garrapo,CS1310
1311,Guaiacum,officinale,NA,Guayacán | Guayacán de playa | Guayacán extranjero | Guayacán negro | Guayaco | Palosanto | Florazul,CS1311
1312,Hedyosmum,steinii,NA,NA,CS1312
1313,Acropora,cervicornis,NA,Coral cuerno de ciervo,CS1313
1314,Acropora,palmata,NA,Coral cuernos de alce,CS1314
1315,Dendrogyra,cylindrus,NA,Coral Pilar,CS1315
1316,Mussa,angulosa,NA,NA,CS1316
1317,Gorgonia,ventalina,NA,Abanico de mar,CS1317
1318,Pacifigorgia,cairnsi,NA,Abanico de mar,CS1318
1319,Pacifigorgia,irene,NA,Abanico de mar,CS1319
1320,Muricea,austera,NA,Candelabro de mar,CS1320
1321,Muricea,crassa,NA,Candelabro de mar,CS1321
1322,Megaphobema,robustum,NA,Tarántula gigante de patas rojas,CS1322
1323,Pamphobeteus,ferox,NA,Taránula feroz,CS1323
1324,Pamphobeteus,fortis,NA,Tarántula de piedemonte,CS1324
1325,Xenesthis,immanis,NA,Tarántula mutualista,CS1325
1326,Surazomus,sturmi,NA,Escorpion de cola corta sabanero,CS1326
1327,Chactas,oxfordi,NA,Escorpión de pinzas gordas de la Sierra Nevada de Santa Marta,CS1327
1328,Tityus,columbianus,NA,Escorpión de cola gorda de la Cordillera Oriental,CS1328
1329,Tityus,engelkei,NA,Escorpión de cola gorda de la Sierra Nevada de Santa Marta,CS1329
1330,Carpilius,corallinus,NA,Cangrejo de coral | Cangrejo reina | Cangrejo moro,CS1330
1331,Cardisoma,guanhumi,NA,Cangrejo azul de tierra | Cangrejo bandolero | Cangrejo de tierra petirrojo | Cangrejo pasiao | Pollo de tierra | Cangrejo azul manglero,CS1331
1332,Gecarcinus,lateralis,NA,Cangrejo rojo,CS1332
1333,Gecarcinus,ruricola,NA,Cangrejo Negro | Cangrejo Zombie | Cangrejo Rural | Black Land Crab | Black Crab | Malata,CS1333
1334,Emerita,portoricensis,NA,Cangrejo de arena,CS1334
1335,Hippa,testudinaria,NA,Cangrejo de arena,CS1335
1336,Maguimithrax,spinosissimus,NA,Cangrejo rey del caribe,CS1336
1337,Panulirus,argus,NA,Langosta espinosa | Spiny lobster,CS1337
1338,Penaeus,occidentalis,NA,Camarón blanco del Pacífico | Camarón langostino,CS1338
1339,Penaeus,schmitti,NA,Camarón blanco | Langostino,CS1339
1340,Callinectes,sapidus,NA,Jaiba azul,CS1340
1341,Callinectes,bocourti,NA,Jaiba roja,CS1341
1342,Chaceus,curumanensis,NA,NA,CS1342
1343,Chaceus,ibiricensis,NA,NA,CS1343
1344,Hypolobocera,andagoensis,NA,NA,CS1344
1345,Hypolobocera,buenaventurensis,NA,NA,CS1345
1346,Hypolobocera,cajambrensis,NA,NA,CS1346
1347,Hypolobocera,emberarum,NA,NA,CS1347
1348,Hypolobocera,rotundilobata,NA,NA,CS1348
1349,Lindacatalina,sinuensis,NA,NA,CS1349
1350,Lindacatalina,sumacensis,NA,NA,CS1350
1351,Neostrengeria,alexae,NA,NA,CS1351
1352,Neostrengeria,lemaitrei,NA,NA,CS1352
1353,Neostrengeria,libradensis,NA,NA,CS1353
1354,Neostrengeria,macarenae,NA,NA,CS1354
1355,Neostrengeria,macropa,NA,Cangrejo sabanero,CS1355
1356,Neostrengeria,natashae,NA,NA,CS1356
1357,Neostrengeria,sketi,NA,NA,CS1357
1358,Phallangothelphusa,juansei,NA,NA,CS1358
1359,Strengeriana,antioquensis,NA,NA,CS1359
1360,Strengeriana,casallasi,NA,NA,CS1360
1361,Strengeriana,flagellata,NA,NA,CS1361
1362,Strengeriana,foresti,NA,NA,CS1362
1363,Strengeriana,huilensis,NA,NA,CS1363
1364,Strengeriana,villaensis,NA,NA,CS1364
1365,Bottiella,cucutensis,NA,NA,CS1365
1366,Bottiella,medemi,NA,NA,CS1366
1367,Bottiella,niceforei,NA,NA,CS1367
1368,Macrodontia,cervicornis,NA,Escarabajo Longicornio de Grandes mandíbulas,CS1368
1369,Titanus,giganteus,NA,Escarabajo Longicornio Gigante,CS1369
1370,Proculus,opacus,NA,Escarabajo Unicornio de la madera muerta,CS1370
1371,Dynastes,neptunus,NA,Escarabajo Rinoceronte Andino,CS1371
1372,Megasoma,mars,NA,Escarabajo Elefante Amazónico,CS1372
1373,Aglae,caerulea,NA,Abejita amazónica,CS1373
1374,Eufriesea,auripes,NA,Abejita estacional amazónica,CS1374
1375,Eufriesea,chrysopyga,NA,Abejita de la Sierra Nevada,CS1375
1376,Eufriesea,dressleri,NA,Abejita verde de la Macarena,CS1376
1377,Eufriesea,lucida,NA,Abejita del Anchicayá,CS1377
1378,Eufriesea,lucifera,NA,Abejita del Pacífico,CS1378
1379,Exaerete,dentata,NA,Abeja esmeralda,CS1379
1380,Exaerete,frontalis,NA,Abejita verde del Llano,CS1380
1381,Exaerete,smaragdina,NA,NA,CS1381
1382,Melipona,eburnea,NA,Abeja real,CS1382
1383,Melipona,favosa,NA,Abeja rabipintada,CS1383
1384,Cephalotes,palta,NA,Hormiga cabezona de la Sierra,CS1384
1385,Cephalotes,patei,NA,Hormiga cabezona de las Orquídeas,CS1385
1386,Editha,magnifica,NA,Avispa cavadora,CS1386
1387,Charterginus,zavattari,NA,Avispita del Pacífico,CS1387
1388,Montezumia,colombiana,NA,Avispa colombiana,CS1388
1389,Zethus,neotomitus,NA,Avispa llanera,CS1389
1390,Zethus,restrepoicus,NA,Avispa llanera de Restrepo,CS1390
1391,Zethus,satanicus,NA,Avispa valluna,CS1391
1392,Arhuaco,ica,NA,Mariposa de los arhuacos,CS1392
1393,Lymanopoda,caeruleata,NA,Limanopoda azul de la Sierra Nevada,CS1393
1394,Lymanopoda,paramera,NA,Limanopoda blanca de la Serranía de Valledupar,CS1394
1395,Morpho,rhodopteron,NA,Morfo anacarada de la Sierra Nevada,CS1395
1396,Prepona,praeneste,NA,Prepona roja de montaña,CS1396
1397,Prepona,werneri,NA,Prepona azul del Chocó,CS1397
1398,Pterourus,euterpinus,NA,Papilio bandirojo de montaña,CS1398
1399,Copaxa,apollinairei,NA,Polilla de Apolinar,CS1399
1400,Syssphinx,chocoensis,NA,Polilla del Chocó,CS1400
1401,Anadara,tuberculosa,NA,Piangua | Piangua hembra (Colombia) | Concha negra (Perú) | Pata de mula (México) | Arca,CS1401
1402,Larkinia,grandis,NA,Sangara | Pata de mula (Colombia) | Pata de burro (Perú) | Pata de buey (México) | Arca casco de burro,CS1402
1403,Anomalocardia,flexuosa,NA,Chipi-chipi,CS1403
1404,Polymesoda,arctata,NA,Guacuco de marjal esbelto | Almeja,CS1404
1405,Cittarium,pica,NA,Burgao | Cigua | Burgao antillano | Wilks,CS1405
1406,Muracypraea,mus,NA,Caracol porcelana (Venezuela),CS1406
1407,Aliger,gigas,NA,Caracol de pala (Colombia) | Botuto (Venezuela) | Guarura (Venezuela) | Caracol reina (México) | Caracol rosado (México) | Concha reina (Cuba) | Cobo (Cuba) | Carcó (Aruba),CS1407
1408,Anachis,coseli,NA,NA,CS1408
1409,Acostaea,rivolii,NA,Ostra del río Magdalena,CS1409
1410,Diplodontites,olssoni,NA,Almeja del río Sinú,CS1410
1411,Holothuria,mexicana,NA,Pepino de mar | Molongo,CS1411
1412,Isostichopus,badionotus,NA,Pepino de mar | Molongo café,CS1412
1413,Ophiothrix,synoecina,NA,Estrella quebradiza,CS1413
1414,Ginglymostoma,cirratum,NA,Pejebobo | Tiburón gato | Nodriza,CS1414
1415,Alopias,pelagicus,NA,Tiburón Zorro,CS1415
1416,Carcharhinus,falciformis,NA,Tiburón Sedoso,CS1416
1417,Carcharhinus,limbatus,NA,Tollo aletinegro | Tiburón macuira,CS1417
1418,Carcharhinus,longimanus,NA,Tiburón Punta Blanca Oceánico,CS1418
1419,Sphyrna,lewini,NA,Cachuda,CS1419
1420,Sphyrna,mokarran,NA,Cornuda Gigante,CS1420
1421,Mustelus,henlei,NA,Tollo Vieja,CS1421
1422,Mustelus,lunulatus,NA,Tollo Vieja,CS1422
1423,Mustelus,minicanis,NA,Tiburón Mamón Enano,CS1423
1424,Diplobatis,colombiensis,NA,Raya Eléctrica Colombiana,CS1424
1425,Diplobatis,guamachensis,NA,Raya Torpedo Redondo,CS1425
1426,Pristis,pectinata,NA,Pez Sierra- Pez peine | Pejepeine | Guacapá,CS1426
1427,Pristis,pristis,NA,Pez Sierra,CS1427
1428,Pseudobatos,leucorhynchus,NA,Raya Guitarra,CS1428
1429,Hypanus,longus,NA,Raya Látigo,CS1429
1430,Paratrygon,aiereba,NA,Raya manta,CS1430
1431,Potamotrygon,motoro,NA,Raya | Raya motoro,CS1431
1432,Potamotrygon,schroederi,NA,Guacamaya,CS1432
1433,Potamotrygon,yepezi,NA,Raya | Raya de río,CS1433
1434,Megalops,atlanticus,NA,Sábalo | Tarpón,CS1434
1435,Arapaima,gigas,NA,Paiche | Pirarucú,CS1435
1436,Osteoglossum,bicirrhosum,NA,Arawuana | Arahuana | Aroana,CS1436
1437,Osteoglossum,ferreirai,NA,Arawuana azul | Arawana | Aroana,CS1437
1438,Abramites,eques,NA,Totumito | Abramite | Bonito | Viejo,CS1438
1439,Leporinus,muyscorum,NA,Comelón | Mohino | Liso | Cuatrojos | Dientón | Cuatro ojos | Monelodo | Mamaburra | Liseta,CS1439
1440,Brycon,labiatus,NA,Sabaleta de piedra,CS1440
1441,Brycon,moorei,NA,Dorada | Mueluda | Sardinata | Lisa,CS1441
1442,Cynopotamus,atratoensis,NA,Cachana,CS1442
1443,Genycharax,tarpon,NA,Boquiancha | Boquifarol,CS1443
1444,Salminus,affinis,NA,Picuda | Picuda de río | Rubia | Salmón | Dorada | Rubio | Rayada,CS1444
1445,Characidium,phoxocephalum,NA,Rollizo | Rollicito,CS1445
1446,Curimata,mivartii,NA,Vizcaína | Cachaca | Sardina | Viscaíno,CS1446
1447,Pseudocurimata,patiae,NA,Nayo,CS1447
1448,Parodon,caliensis,NA,Rollizo,CS1448
1449,Ichthyoelephas,longirostris,NA,Jetudo | Pataló | Pataló hocicón | Besote | Jetón,CS1449
1450,Prochilodus,magdalenae,NA,Bocachico | Pescado | Chico de boca,CS1450
1451,Prochilodus,reticulatus,NA,Bocachico,CS1451
1452,Mylossoma,acanthogaster,NA,Pámpano,CS1452
1453,Ariopsis,canteri,NA,Chivo Cabezón,CS1453
1454,Cathorops,mapale,NA,Chivo Mapalé,CS1454
1455,Sciades,proops,NA,Bagre | chivo mozo,CS1455
1456,Ageneiosus,pardalis,NA,Doncella | Niña | Gata | Fría | Señorita | Barbul | Rollera,CS1456
1457,Callichthys,fabricioi,NA,Roño,CS1457
1458,Doraops,zuloagai,NA,Mariana,CS1458
1459,Rhinodoras,thomersoni,NA,Mariano,CS1459
1460,Pimelodella,macrocephala,NA,Micudo | Chiribí | Chirirí | Chirrirí | Picudo | Picalón | Picaló,CS1460
1461,Panaque,cochliodon,NA,Corroncho | Coroncoro | Casasola | Guacarote | Cucha real | Chipe | Corroncorro | Roncho | Barbón,CS1461
1462,Brachyplatystoma,filamentosum,NA,Valentón | Plumita | Lechero,CS1462
1463,Brachyplatystoma,juruense,NA,Apuy | Manta negra | Camisa rayada | Siete babas | Rayado | Camiseta | Camiseto | Flamengo,CS1463
1464,Brachyplatystoma,platynemum,NA,Baboso | Flemoso | Saliboro | Garbanzo | Jipi | Hipe,CS1464
1465,Brachyplatystoma,rousseauxii,NA,Dorado | Plateado,CS1465
1466,Brachyplatystoma,vaillantii,NA,Blanco pobre | Capaz | Pujón | Pirabutón | Piramutaba,CS1466
1467,Pimelodus,coprophagus,NA,Mierderito | Bagre | Rampuche,CS1467
1468,Pimelodus,grosskopfii,NA,Capaz | Barbudo | Barbule | Barbul negro | Barbudo cañero,CS1468
1469,Platysilurus,malarmo,NA,Malarmo,CS1469
1470,Pseudoplatystoma,magdaleniatum,NA,Bagre rayado | Bagre | Pintadillo,CS1470
1471,Pseudoplatystoma,metaense,NA,Bagre rayado | Bagre rayao | Cabezón,CS1471
1472,Pseudoplatystoma,orinocoense,NA,Bagre rayado | Bagre rayao | Cabezón,CS1472
1473,Pseudoplatystoma,punctifer,NA,Pintadillo rayado | Bagre rayado,CS1473
1474,Pseudoplatystoma,tigrinum,NA,Pintadillo tigre | Bagre rayado,CS1474
1475,Sorubim,cuspicaudus,NA,Bagre blanco | Blanquillo | Paletón | Gallego | Cucharo | Antioqueño,CS1475
1476,Zungaro,zungaro,NA,Amarillo | Toro | Toruno | Tijereta | Pacamú | Pejenegro | Chontaduro | Bagresapo,CS1476
1477,Cruciglanis,pacifici,NA,Capitán,CS1477
1478,Eremophilus,mutisii,NA,Capitán de la Sabana | Chimbe | Guamuhyca | Capitán rey,CS1478
1479,Trichomycterus,cachiraensis,NA,Laucha,CS1479
1480,Trichomycterus,donascimientoi,NA,Bagrecito cavernicola | Laucha,CS1480
1481,Trichomycterus,gorgona,NA,Laucha,CS1481
1482,Trichomycterus,rosablanca,NA,Bagrecito cavernicola | Laucha,CS1482
1483,Trichomycterus,sandovali,NA,Bagrecito cavernicola | Laucha,CS1483
1484,Trichomycterus,santanderensis,NA,Bagrecito cavernicola | Laucha,CS1484
1485,Trichomycterus,sketi,NA,Bagrecito cavernicola | Laucha,CS1485
1486,Trichomycterus,uisae,NA,Bagrecito cavernicola | Laucha,CS1486
1487,Apteronotus,magdalenensis,NA,Perrita | Caballo | El original perro,CS1487
1488,Gymnotus,henni,NA,Beringo | Culebra | Mayupa,CS1488
1489,Batrachoides,manglae,NA,Guasa lagunar | sapo lagunero,CS1489
1490,Gambusia,nicaraguensis,NA,Pipón de san Andrés,CS1490
1491,Gambusia,lemaitrei,NA,Pipón de Totumo,CS1491
1492,Austrofundulus,guajira,NA,Pez anual de la Guajira,CS1492
1493,Hippocampus,erectus,NA,Caballito Estriado,CS1493
1494,Hippocampus,ingens,NA,Caballito de Mar del Pacífico,CS1494
1495,Hippocampus,reidi,NA,Caballito de Mar Hocico Largo,CS1495
1496,Joturus,pichardi,NA,Bobo | Joturo,CS1496
1497,Mugil,incilis,NA,Lisa Rayada,CS1497
1498,Mugil,liza,NA,Lebranche,CS1498
1499,Caranx,hippos,NA,Jurel Aleta Amarilla,CS1499
1500,Centropomus,undecimalis,NA,Róbalo blanco | Róbalo carita larga | Róbalo comun,CS1500
1501,Acanthemblemaria,stephensi,NA,Trambollín-cirripedio Capetón,CS1501
1502,Pterophyllum,altum,NA,Escalar | Escalar altum,CS1502
1503,Eugerres,plumieri,NA,Mojarra rayada,CS1503
1504,Tigrigobius,nesiotes,NA,Gobio Bandeado,CS1504
1505,Anisotremus,moricandi,NA,Burrito rayado,CS1505
1506,Makaira,nigricans,NA,Marlín Azul,CS1506
1507,Halichoeres,malpelo,NA,Señorita Verde-Azul,CS1507
1508,Lachnolaimus,maximus,NA,Pargo pluma,CS1508
1509,Lutjanus,analis,NA,Pargo Palmero,CS1509
1510,Lutjanus,cyanopterus,NA,Pargo dientón | Pargo cubera | Pargo tabardillo,CS1510
1511,Stegastes,beebei,NA,Castañeta Coliblanca del Sur,CS1511
1512,Scarus,coelestinus,NA,Loro negro,CS1512
1513,Scarus,coeruleus,NA,Guacamaya azul,CS1513
1514,Scarus,guacamaia,NA,Guacamaia,CS1514
1515,Cynoscion,phoxocephalus,NA,Pelada,CS1515
1516,Thunnus,obesus,NA,Atún Ojo Grande,CS1516
1517,Epinephelus,cifuentesi,NA,Cherna Verde,CS1517
1518,Epinephelus,itajara,NA,Mero guasa,CS1518
1519,Epinephelus,striatus,NA,Cherna | Mero criollo,CS1519
1520,Mycteroperca,bonaci,NA,Cherna Negra,CS1520
1521,Mycteroperca,cidi,NA,Cherna blanca,CS1521
1522,Mycteroperca,olfax,NA,Mero Bacalao,CS1522
1523,Mycteroperca,venenosa,NA,Cherna,CS1523
1524,Axoclinus,rubinoffi,NA,Tres Aletas Ojo Negro,CS1524
1525,Lepidonectes,bimaculatus,NA,Triple Aleta Candela,CS1525
1526,Balistes,vetula,NA,Pejepuerco | Cachuo | Cachua,CS1526
1527,Bolitoglossa,capitana,NA,Salamandra de Albán,CS1527
1528,Bolitoglossa,guaneae,NA,Salamandra,CS1528
1529,Bolitoglossa,hiemalis,NA,Salamandra,CS1529
1530,Bolitoglossa,hypacra,NA,Salamandra,CS1530
1531,Bolitoglossa,leandrae,NA,Salamandra,CS1531
1532,Bolitoglossa,pandi,NA,Salamandra de Pandi,CS1532
1533,Bolitoglossa,tamaense,NA,Salamandra,CS1533
1534,Bolitoglossa,tatamae,NA,Salamandra,CS1534
1535,Bolitoglossa,yariguiensis,NA,Salamandra,CS1535
1536,Hyloxalus,cepedai,NA,NA,CS1536
1537,Allobates,ignotus,NA,NA,CS1537
1538,Allobates,juanii,NA,NA,CS1538
1539,Hyloxalus,picachos,NA,NA,CS1539
1540,Allobates,ranoides,NA,Rana saltona de Villavicencio,CS1540
1541,Atelopus,angelito,NA,Rana arlequín,CS1541
1542,Atelopus,ardila,NA,Rana arlequín,CS1542
1543,Atelopus,arsyecue,NA,Rana arlequín,CS1543
1544,Atelopus,carrikeri,NA,Rana arlequín,CS1544
1545,Atelopus,chocoensis,NA,Rana arlequín,CS1545
1546,Atelopus,ebenoides,NA,Rana arlequín,CS1546
1547,Atelopus,elegans,NA,Rana arlequín,CS1547
1548,Atelopus,eusebianus,NA,Rana arlequín,CS1548
1549,Atelopus,famelicus,NA,Rana arlequín,CS1549
1550,Atelopus,farci,NA,Rana arlequín,CS1550
1551,Atelopus,gigas,NA,Rana arlequín,CS1551
1552,Atelopus,glyphus,NA,Rana arlequín,CS1552
1553,Atelopus,laetissimus,NA,Rana arlequín,CS1553
1554,Atelopus,longibrachius,NA,Rana arlequín,CS1554
1555,Atelopus,lozanoi,NA,Rana arlequín,CS1555
1556,Atelopus,marinkellei,NA,Rana arlequín,CS1556
1557,Atelopus,minutulus,NA,Rana arlequín,CS1557
1558,Atelopus,mittermeieri,NA,Rana arlequín,CS1558
1559,Atelopus,monohernandezii,NA,Rana arlequín,CS1559
1560,Atelopus,muisca,NA,Rana arlequín,CS1560
1561,Atelopus,nahumae,NA,Rana arlequín,CS1561
1562,Atelopus,nicefori,NA,Rana arlequín,CS1562
1563,Atelopus,nocturnus,NA,Rana arlequín,CS1563
1564,Atelopus,pastuso,NA,Rana arlequín,CS1564
1565,Atelopus,pedimarmoratus,NA,Rana arlequín,CS1565
1566,Atelopus,petriruizi,NA,Rana arlequín,CS1566
1567,Atelopus,pictiventris,NA,Rana arlequín,CS1567
1568,Atelopus,quimbaya,NA,Rana arlequín,CS1568
1569,Atelopus,sanjosei,NA,Rana arlequín,CS1569
1570,Atelopus,sernai,NA,Rana arlequín,CS1570
1571,Atelopus,simulatus,NA,Rana arlequín,CS1571
1572,Atelopus,sonsonensis,NA,Rana arlequín,CS1572
1573,Atelopus,subornatus,NA,Rana arlequín,CS1573
1574,Osornophryne,percrassa,NA,NA,CS1574
1575,Osornophryne,talipes,NA,NA,CS1575
1576,Rhaebo,andinophrynoides,NA,NA,CS1576
1577,Rhaebo,atelopoides,NA,NA,CS1577
1578,Rhaebo,blombergi,NA,NA,CS1578
1579,Rhaebo,colomai,NA,NA,CS1579
1580,Rhinella,acrolopha,NA,NA,CS1580
1581,Rhinella,cristinae,NA,NA,CS1581
1582,Rhinella,lindae,NA,NA,CS1582
1583,Rhinella,macrorhina,NA,NA,CS1583
1584,Rhinella,nicefori,NA,NA,CS1584
1585,Rhinella,rostrata,NA,NA,CS1585
1586,Rhinella,ruizi,NA,NA,CS1586
1587,Rhinella,tenrec,NA,NA,CS1587
1588,Centrolene,sanchezi,NA,Rana de cristal,CS1588
1589,Centrolene,ballux,NA,Rana de cristal gigante de Burrowes,CS1589
1590,Centrolene,geckoidea,NA,Rana de cristal gigante del pacífico,CS1590
1591,Centrolene,heloderma,NA,Rana de cristal,CS1591
1592,Centrolene,huilense,NA,Rana de cristal del Huila,CS1592
1593,Centrolene,medemi,NA,Rana de cristal de Medem,CS1593
1594,Centrolene,petrophilum,NA,Rana de cristal gigante de Boyacá,CS1594
1595,Centrolene,quindianum,NA,Rana de cristal,CS1595
1596,Centrolene,lynchi,NA,Rana de cristal de Lynch,CS1596
1597,Centrolene,solitaria,NA,Rana de cristal,CS1597
1598,Nymphargus,balionotus,NA,Rana de cristal de Mindo,CS1598
1599,Cochranella,litoralis,NA,Rana de cristal,CS1599
1600,Nymphargus,megistus,NA,Rana de cristal,CS1600
1601,Cochranella,xanthocheridia,NA,Rana de cristal,CS1601
1602,Hyalinobatrachium,esmeralda,NA,Rana de cristal,CS1602
1603,Ikakogi,tayrona,NA,Rana de cristal gigante del Magdalena,CS1603
1604,Nymphargus,armatus,NA,Rana de cristal,CS1604
1605,Nymphargus,caucanus,NA,Rana de cristal,CS1605
1606,Nymphargus,cristinae,NA,Rana de cristal,CS1606
1607,Nymphargus,garciae,NA,Rana de cristal,CS1607
1608,Nymphargus,luminosus,NA,Rana de cristal,CS1608
1609,Nymphargus,luteopunctatus,NA,Rana de cristal,CS1609
1610,Nymphargus,megacheirus,NA,Rana de cristal de Santa Rosa,CS1610
1611,Nymphargus,prasinus,NA,Rana de cristal del Rio Calima,CS1611
1612,Nymphargus,rosada,NA,Rana de cristal,CS1612
1613,Nymphargus,ruizi,NA,Rana de cristal de Ruiz,CS1613
1614,Rulyrana,adiazeta,NA,Rana de cristal,CS1614
1615,Sachatamia,electrops,NA,Rana de cristal,CS1615
1616,Sachatamia,punctulata,NA,Rana de cristal,CS1616
1617,Atopophrynus,syntomopus,NA,Rana de pies pequeños,CS1617
1618,Geobatrachus,walkeri,NA,NA,CS1618
1619,Niceforonia,adenobrachia,NA,NA,CS1619
1620,Niceforonia,brunnea,NA,NA,CS1620
1621,Niceforonia,dolops,NA,NA,CS1621
1622,Niceforonia,latens,NA,NA,CS1622
1623,Niceforonia,nana,NA,NA,CS1623
1624,Pristimantis,actinolaimus,NA,NA,CS1624
1625,Pristimantis,acutirostris,NA,NA,CS1625
1626,Pristimantis,aemulatus,NA,NA,CS1626
1627,Pristimantis,affinis,NA,NA,CS1627
1628,Pristimantis,alalocophus,NA,NA,CS1628
1629,Pristimantis,albericoi,NA,NA,CS1629
1630,Pristimantis,angustilineatus,NA,NA,CS1630
1631,Pristimantis,anolirex,NA,NA,CS1631
1632,Pristimantis,apiculatus,NA,NA,CS1632
1633,Pristimantis,aurantiguttatus,NA,NA,CS1633
1634,Pristimantis,bacchus,NA,NA,CS1634
1635,Pristimantis,batrachites,NA,NA,CS1635
1636,Pristimantis,bellona,NA,NA,CS1636
1637,Pristimantis,bernali,NA,NA,CS1637
1638,Pristimantis,bicolor,NA,NA,CS1638
1639,Pristimantis,cacao,NA,NA,CS1639
1640,Pristimantis,calcaratus,NA,NA,CS1640
1641,Pristimantis,capitonis,NA,NA,CS1641
1642,Pristimantis,caprifer,NA,NA,CS1642
1643,Pristimantis,carlossanchezi,NA,NA,CS1643
1644,Pristimantis,carmelitae,NA,NA,CS1644
1645,Pristimantis,carranguerorum,NA,Rana de lluvia carranguera,CS1645
1646,Pristimantis,celator,NA,NA,CS1646
1647,Pristimantis,chrysops,NA,NA,CS1647
1648,Pristimantis,colomai,NA,NA,CS1648
1649,Pristimantis,colonensis,NA,NA,CS1649
1650,Pristimantis,corniger,NA,NA,CS1650
1651,Pristimantis,cristinae,NA,NA,CS1651
1652,Pristimantis,cuentasi,NA,NA,CS1652
1653,Pristimantis,degener,NA,NA,CS1653
1654,Pristimantis,deinops,NA,NA,CS1654
1655,Pristimantis,delicatus,NA,NA,CS1655
1656,Pristimantis,diaphonus,NA,NA,CS1656
1657,Pristimantis,diogenes,NA,NA,CS1657
1658,Pristimantis,dorado,NA,NA,CS1658
1659,Pristimantis,dorsopictus,NA,NA,CS1659
1660,Pristimantis,duellmani,NA,NA,CS1660
1661,Pristimantis,duende,NA,NA,CS1661
1662,Pristimantis,elegans,NA,NA,CS1662
1663,Pristimantis,eremitus,NA,Rana cutín de Chiriboga,CS1663
1664,Pristimantis,eriphus,NA,NA,CS1664
1665,Pristimantis,fallax,NA,Rana de garganta manchada,CS1665
1666,Pristimantis,gladiator,NA,NA,CS1666
1667,Pristimantis,gracilis,NA,NA,CS1667
1668,Pristimantis,grandiceps,NA,NA,CS1668
1669,Pristimantis,hectus,NA,NA,CS1669
1670,Pristimantis,helvolus,NA,NA,CS1670
1671,Pristimantis,hernandezi,NA,NA,CS1671
1672,Pristimantis,hybotragus,NA,NA,CS1672
1673,Pristimantis,jaimei,NA,NA,CS1673
1674,Pristimantis,johannesdei,NA,NA,CS1674
1675,Pristimantis,jorgevelosai,NA,NA,CS1675
1676,Pristimantis,juanchoi,NA,Rana duende juancho,CS1676
1677,Pristimantis,kelephus,NA,NA,CS1677
1678,Pristimantis,lasalleorum,NA,NA,CS1678
1679,Pristimantis,laticlavius,NA,NA,CS1679
1680,Pristimantis,lemur,NA,NA,CS1680
1681,Pristimantis,leopardus,NA,NA,CS1681
1682,Pristimantis,leucopus,NA,NA,CS1682
1683,Pristimantis,lichenoides,NA,NA,CS1683
1684,Pristimantis,loustes,NA,NA,CS1684
1685,Pristimantis,lutitus,NA,NA,CS1685
1686,Pristimantis,maculosus,NA,NA,CS1686
1687,Pristimantis,mars,NA,NA,CS1687
1688,Pristimantis,merostictus,NA,NA,CS1688
1689,Pristimantis,mnionaetes,NA,NA,CS1689
1690,Pristimantis,molybrignus,NA,NA,CS1690
1691,Pristimantis,myops,NA,NA,CS1691
1692,Pristimantis,ocellatus,NA,NA,CS1692
1693,Pristimantis,parectatus,NA,NA,CS1693
1694,Pristimantis,phalarus,NA,NA,CS1694
1695,Pristimantis,phragmipleuron,NA,NA,CS1695
1696,Pristimantis,platychilus,NA,NA,CS1696
1697,Pristimantis,polemistes,NA,NA,CS1697
1698,Pristimantis,polychrus,NA,NA,CS1698
1699,Pristimantis,ptochus,NA,NA,CS1699
1700,Pristimantis,pugnax,NA,NA,CS1700
1701,Pristimantis,quantus,NA,NA,CS1701
1702,Pristimantis,quinquagesimus,NA,NA,CS1702
1703,Pristimantis,racemus,NA,NA,CS1703
1704,Pristimantis,reclusas,NA,NA,CS1704
1705,Pristimantis,renjiforum,NA,NA,CS1705
1706,Pristimantis,repens,NA,NA,CS1706
1707,Pristimantis,rivasi,NA,NA,CS1707
1708,Pristimantis,rosadoi,NA,NA,CS1708
1709,Pristimantis,ruedai,NA,NA,CS1709
1710,Pristimantis,ruthveni,NA,NA,CS1710
1711,Pristimantis,satagius,NA,NA,CS1711
1712,Pristimantis,scoloblepharus,NA,NA,CS1712
1713,Pristimantis,scolodiscus,NA,NA,CS1713
1714,Pristimantis,signifer,NA,NA,CS1714
1715,Pristimantis,silverstonei,NA,NA,CS1715
1716,Pristimantis,simoteriscus,NA,NA,CS1716
1717,Pristimantis,siopelus,NA,NA,CS1717
1718,Pristimantis,spilogaster,NA,NA,CS1718
1719,Pristimantis,suetus,NA,NA,CS1719
1720,Pristimantis,sulculus,NA,NA,CS1720
1721,Pristimantis,supernatis,NA,NA,CS1721
1722,Pristimantis,susaguae,NA,NA,CS1722
1723,Pristimantis,tamsitti,NA,NA,CS1723
1724,Pristimantis,torrenticola,NA,NA,CS1724
1725,Pristimantis,tribulosus,NA,NA,CS1725
1726,Pristimantis,uisae,NA,NA,CS1726
1727,Pristimantis,veletis,NA,NA,CS1727
1728,Pristimantis,viridicans,NA,NA,CS1728
1729,Pristimantis,viridis,NA,NA,CS1729
1730,Pristimantis,xeniolum,NA,NA,CS1730
1731,Pristimantis,xestus,NA,NA,CS1731
1732,Pristimantis,xylochobates,NA,NA,CS1732
1733,Pristimantis,zoilae,NA,NA,CS1733
1734,Strabomantis,anatipes,NA,NA,CS1734
1735,Strabomantis,bufoniformis,NA,NA,CS1735
1736,Strabomantis,cadenai,NA,NA,CS1736
1737,Strabomantis,cheiroplethus,NA,NA,CS1737
1738,Strabomantis,cornutus,NA,NA,CS1738
1739,Strabomantis,ingeri,NA,NA,CS1739
1740,Strabomantis,necerus,NA,NA,CS1740
1741,Strabomantis,necopinus,NA,NA,CS1741
1742,Strabomantis,ruizi,NA,NA,CS1742
1743,Tachiramantis,douglasi,NA,NA,CS1743
1744,Tachiramantis,lentiginosus,NA,NA,CS1744
1745,Andinobates,bombetes,NA,Rana rubí o ranita venenosa del Valle del Cauca,CS1745
1746,Andinobates,cassidyhornae,NA,NA,CS1746
1747,Andinobates,daleswansoni,NA,NA,CS1747
1748,Andinobates,dorisswansonae,NA,NA,CS1748
1749,Andinobates,opisthomelas,NA,NA,CS1749
1750,Andinobates,tolimense,NA,NA,CS1750
1751,Andinobates,victimatus,NA,NA,CS1751
1752,Andinobates,viridis,NA,NA,CS1752
1753,Andinobates,virolinensis,NA,NA,CS1753
1754,Colostethus,agilis,NA,NA,CS1754
1755,Colostethus,imbricolus,NA,NA,CS1755
1756,Colostethus,latinasus,NA,NA,CS1756
1757,Colostethus,mertensi,NA,NA,CS1757
1758,Colostethus,thorntoni,NA,NA,CS1758
1759,Colostethus,ucumari,NA,NA,CS1759
1760,Ectopoglossus,atopoglossus,NA,NA,CS1760
1761,Ectopoglossus,lacrimosus,NA,NA,CS1761
1762,Hyloxalus,abditaurantius,NA,NA,CS1762
1763,Hyloxalus,chocoensis,NA,NA,CS1763
1764,Hyloxalus,edwardsi,NA,NA,CS1764
1765,Hyloxalus,fascianigrus,NA,NA,CS1765
1766,Hyloxalus,pinguis,NA,NA,CS1766
1767,Hyloxalus,ramosi,NA,NA,CS1767
1768,Hyloxalus,ruizi,NA,NA,CS1768
1769,Hyloxalus,vergeli,NA,NA,CS1769
1770,Leucostethus,ramirezi,NA,NA,CS1770
1771,Oophaga,anchicayensis,NA,NA,CS1771
1772,Oophaga,andresi,NA,NA,CS1772
1773,Oophaga,histrionica,NA,Rana cocoi,CS1773
1774,Oophaga,lehmanni,NA,NA,CS1774
1775,Oophaga,occultator,NA,NA,CS1775
1776,Oophaga,solanensis,NA,NA,CS1776
1777,Paruwrobates,andinus,NA,NA,CS1777
1778,Phyllobates,bicolor,NA,NA,CS1778
1779,Phyllobates,terribilis,NA,Rana dorada venenosa,CS1779
1780,Silverstoneia,dalyi,NA,NA,CS1780
1781,Silverstoneia,erasmios,NA,NA,CS1781
1782,Silverstoneia,nubicola,NA,NA,CS1782
1783,Silverstoneia,punctiventris,NA,NA,CS1783
1784,Diasporus,anthrax,NA,NA,CS1784
1785,Cryptobatrachus,boulengeri,NA,NA,CS1785
1786,Cryptobatrachus,pedroruizi,NA,NA,CS1786
1787,Cryptobatrachus,ruthveni,NA,NA,CS1787
1788,Gastrotheca,angustifrons,NA,NA,CS1788
1789,Gastrotheca,antomia,NA,NA,CS1789
1790,Gastrotheca,aureomaculata,NA,NA,CS1790
1791,Gastrotheca,bufona,NA,NA,CS1791
1792,Gastrotheca,cornuta,NA,NA,CS1792
1793,Gastrotheca,dendronastes,NA,NA,CS1793
1794,Gastrotheca,espeletia,NA,NA,CS1794
1795,Gastrotheca,helenae,NA,NA,CS1795
1796,Gastrotheca,orophylax,NA,NA,CS1796
1797,Gastrotheca,trachyceps,NA,NA,CS1797
1798,Hemiphractus,johnsoni,NA,NA,CS1798
1799,Hyloscirtus,japreria,NA,NA,CS1799
1800,Hyloscirtus,antioquia,NA,Rana chocolate antioqueña,CS1800
1801,Hyloscirtus,callipeza,NA,NA,CS1801
1802,Hyloscirtus,caucanus,NA,NA,CS1802
1803,Hyloscirtus,denticulentus,NA,NA,CS1803
1804,Hyloscirtus,lynchi,NA,NA,CS1804
1805,Hyloscirtus,pantostictus,NA,NA,CS1805
1806,Hyloscirtus,piceigularis,NA,NA,CS1806
1807,Hyloscirtus,platydactylus,NA,NA,CS1807
1808,Hyloscirtus,psarolaimus,NA,NA,CS1808
1809,Hyloscirtus,sarampiona,NA,NA,CS1809
1810,Hyloscirtus,simmonsi,NA,NA,CS1810
1811,Hyloscirtus,tigrinus,NA,NA,CS1811
1812,Hyloscirtus,torrenticola,NA,NA,CS1812
1813,Agalychnis,lemur,NA,NA,CS1813
1814,Callimedusa,perinesos,NA,NA,CS1814
1815,Epicrionops,columbianus,NA,NA,CS1815
1816,Epicrionops,parkeri,NA,NA,CS1816
1817,Anolis,calimae,NA,Anolis de Calima,CS1817
1818,Anolis,inderenae,NA,Camaleón de Cundinamarca,CS1818
1819,Anolis,ruizii,NA,Camaleón de Rúiz,CS1819
1820,Atractus,nicefori,NA,Serpiente tierrera del Hermano Nicéforo,CS1820
1821,Atractus,orcesi,NA,Culebra tierrera de Orcés,CS1821
1822,Atractus,punctiventris,NA,Culebra tierrera de vientre punteado,CS1822
1823,Coniophanes,andresensis,NA,Serpiente de San Andrés,CS1823
1824,Dendrophidion,boshelli,NA,Culebra de Boshelli,CS1824
1825,Saphenophis,sneiderni,NA,Serpiente sneiderni,CS1825
1826,Synophis,plectovertebralis,NA,Serpiente del caño del Dagua,CS1826
1827,Micrurus,medemi,NA,Coral de Villavicencio,CS1827
1828,Micrurus,sangilensis,NA,Coral sangileña,CS1828
1829,Alopoglossus,danieli,NA,Lagarto de escamas grandes del Hermano Daniel,CS1829
1830,Anadia,antioquensis,NA,Anadia de Antioquia,CS1830
1831,Anadia,bogotensis,NA,Lagartija de Bogotá,CS1831
1832,Anadia,pamplonensis,NA,Anadia de Pamplona,CS1832
1833,Andinosaura,laevis,NA,Lagartija de hojarasca de escamas lisas,CS1833
1834,Riama,columbiana,NA,Lagartija colombiana de hojarasca,CS1834
1835,Riama,simotera,NA,Lagarto de bombilla de O'Shaughnessy,CS1835
1836,Enyalioides,oshaughnessyi,NA,Lagartija de palo ojiroja,CS1836
1837,Enyalioides,annularis,NA,Mantícoras de anillos,CS1837
1838,Enyalioides,groi,NA,Mantícoras de Gro,CS1838
1839,Aristelliger,georgeensis,NA,Gecko pestañudo,CS1839
1840,Lepidoblepharis,miyatai,NA,Geco tinajero del tayrona,CS1840
1841,Lepidoblepharis,williamsi,NA,Salamanqueja de Williams,CS1841
1842,Bothrocophias,campbelli,NA,Víbora de Campbell,CS1842
1843,Mesoclemmys,dahli,NA,Carranchina,CS1843
1844,Caretta,caretta,NA,Caguama,CS1844
1845,Chelonia,mydas,NA,Tortuga verde,CS1845
1846,Eretmochelys,imbricata,NA,Carey,CS1846
1847,Lepidochelys,olivacea,NA,Golfina,CS1847
1848,Dermochelys,coriacea,NA,Caná,CS1848
1849,Rhinoclemmys,diademata,NA,Inguensa,CS1849
1850,Kinosternon,dunni,NA,Tortuga cabeza de trozo,CS1850
1851,Podocnemis,erythrocephala,NA,Chipiro,CS1851
1852,Podocnemis,expansa,NA,Charapa,CS1852
1853,Podocnemis,lewyana,NA,Tortuga del río Magdalena,CS1853
1854,Podocnemis,unifilis,NA,Terecay,CS1854
1855,Chelonoidis,carbonarius,NA,Morrocoy,CS1855
1856,Melanosuchus,niger,NA,Caimán negro,CS1856
1857,Crocodylus,acutus,NA,Caimán aguja | Cocodrilo americano | Caimán del Magdalena,CS1857
1858,Crocodylus,intermedius,NA,Cocodrilo del Orinoco | Caimán del Orinoco | Caimán llanero,CS1858
1859,Crypturellus,kerriae,NA,Tinamú del Chocó,CS1859
1860,Tinamus,osgoodi,NA,Tinamú negro,CS1860
1861,Anas,georgica,NA,Pato Pico de Oro,CS1861
1862,Netta,erythrophthalma,NA,Pato Negro,CS1862
1863,Oressochen,jubatus,NA,Pato Carretero,CS1863
1864,Oxyura,jamaicensis,NA,Pato Andino,CS1864
1865,Sarkidiornis,sylvicola,NA,Pato Brasilero,CS1865
1866,Spatula,cyanoptera,NA,Pato Colorado,CS1866
1867,Chauna,chavaria,NA,Chavarría,CS1867
1868,Crax,alberti,NA,Paujil Colombiano,CS1868
1869,Crax,daubentoni,NA,Pavón Moquiamarillo,CS1869
1870,Crax,globulosa,NA,Pavón Moquirrojo,CS1870
1871,Crax,rubra,NA,Pavón Chocoano,CS1871
1872,Pauxi,pauxi,NA,Pavón Copete de Piedra,CS1872
1873,Penelope,ortoni,NA,Pava del Baudó,CS1873
1874,Penelope,perspicax,NA,Pava Caucana,CS1874
1875,Odontophorus,dialeucos,NA,Perdiz Katía,CS1875
1876,Odontophorus,melanonotus,NA,Perdiz de Nariño,CS1876
1877,Odontophorus,strophium,NA,Perdiz Santandereana,CS1877
1878,Podiceps,occipitalis,NA,Zambullidor plateado,CS1878
1879,Phoenicopterus,ruber,NA,Flamenco,CS1879
1880,Sula,granti,NA,Piquero de Nazca,CS1880
1881,Sula,leucogaster,NA,Piquero Café,CS1881
1882,Egretta,rufescens,NA,Garza Rojiza,CS1882
1883,Vultur,gryphus,NA,Cóndor de los Andes,CS1883
1884,Buteogallus,solitarius,NA,Águila solitaria,CS1884
1885,Circus,cinereus,NA,Aguilucho Cenizo,CS1885
1886,Spizaetus,isidori,NA,Águila Crestada,CS1886
1887,Porphyriops,melanops,NA,Polla Sabanera,CS1887
1888,Rallus,semiplumbeus,NA,Rascón Andino,CS1888
1889,Creagrus,furcatus,NA,Gaviota rabihorcada,CS1889
1890,Leptotila,conoveri,NA,Caminera Tolimense,CS1890
1891,Leptotila,jamaicensis,NA,Tortolita Caribeña,CS1891
1892,Zentrygon,goldmani,NA,Paloma-Perdiz Cabecicanela,CS1892
1893,Neomorphus,radiolosus,NA,Correlón Escamado,CS1893
1894,Glaucidium,nubicola,NA,Buhito Nubicola,CS1894
1895,Anthocephala,berlepschi,NA,Colibrí Cabecicastaño del Tolima,CS1895
1896,Anthocephala,floriceps,NA,Colibrí Cabecicastaño de Santa Marta,CS1896
1897,Campylopterus,phainopeplus,NA,Ala de Sable Serrano,CS1897
1898,Chrysuronia,lilliae,NA,Colibrí Cienaguero,CS1898
1899,Coeligena,orina,NA,Inca de Frontino,CS1899
1900,Eriocnemis,godini,NA,Zamarrito Gorjiturquesa,CS1900
1901,Eriocnemis,isabellae,NA,Zamarrito del Pinche,CS1901
1902,Eriocnemis,mirabilis,NA,Paramero de Munchique,CS1902
1903,Goldmania,bella,NA,Colibrí Pirreño,CS1903
1904,Oxypogon,cyanolaemus,NA,Colibrí Barbudito Barbiazul,CS1904
1905,Oxypogon,stubelii,NA,Chivito de Páramo,CS1905
1906,Saucerottia,castaneiventris,NA,Amazilia Ventricastaño,CS1906
1907,Galbula,pastazae,NA,Jacamar Cobrizo,CS1907
1908,Capito,hypoleucus,NA,Torito Capiblanco,CS1908
1909,Capito,squamatus,NA,Torito Frentirrojo,CS1909
1910,Veniliornis,callonotus,NA,Carpintero Escarlata,CS1910
1911,Campephilus,gayaquilensis,NA,Carpintero de Guayaquil,CS1911
1912,Andigena,hypoglauca,NA,Terlaque Andino,CS1912
1913,Andigena,laminirostris,NA,Terlaque de Nariño,CS1913
1914,Micrastur,plumbeus,NA,Halcón de Munchique,CS1914
1915,Ara,ambiguus,NA,Guacamaya Verdelimón,CS1915
1916,Ara,militaris,NA,Guacamaya Verde,CS1916
1917,Bolborhynchus,ferrugineifrons,NA,Periquito de los Nevados,CS1917
1918,Hapalopsittaca,amazonina,NA,Cotorra Montañera,CS1918
1919,Hapalopsittaca,fuertesi,NA,Cotorra Coroniazul,CS1919
1920,Leptosittaca,branickii,NA,Perico Paramuno,CS1920
1921,Ognorhynchus,icterotis,NA,Perico Palmero,CS1921
1922,Pionus,fuscus,NA,Cotorra de Perijá,CS1922
1923,Pyrrhura,calliptera,NA,Periquito Aliamarillo,CS1923
1924,Pyrrhura,viridicata,NA,Periquito Serrano,CS1924
1925,Touit,stictopterus,NA,Periquito Alipunteado,CS1925
1926,Eremophila,alpestris,NA,Alondra Cornuda,CS1926
1927,Cardinalis,phoeniceus,NA,Cardenal Guajiro,CS1927
1928,Cyanolyca,pulchra,NA,Urraca Chocoana,CS1928
1929,Ampelion,rufaxilla,NA,Cotinga Alirrufa,CS1929
1930,Cephalopterus,penduliger,NA,Paragüero del Pacífico,CS1930
1931,Doliornis,remseni,NA,Cotinga de Páramo,CS1931
1932,Lipaugus,weberi,NA,Arriero Antioqueño,CS1932
1933,Pyroderus,scutatus,NA,Toro de Monte,CS1933
1934,Ammodramus,savannarum,NA,Sabanero Grillo,CS1934
1935,Arremon,schlegeli,NA,Pinzón Alidorado,CS1935
1936,Atlapetes,blancae,NA,Gorrión-Montés Paisa,CS1936
1937,Atlapetes,flaviceps,NA,Atlapetes de Anteojos,CS1937
1938,Atlapetes,fuscoolivaceus,NA,Atlapetes Oliváceo,CS1938
1939,Bangsia,flavovirens,NA,Montero Verdiamarillo,CS1939
1940,Chlorospingus,inornatus,NA,Montero de Pirré,CS1940
1941,Spinus,cucullatus,NA,Jilguero Rojo,CS1941
1942,Asthenes,perijana,NA,Rastrojero de Perijá,CS1942
1943,Clibanornis,rufipectus,NA,Rastrojero de Santa Marta,CS1943
1944,Margarornis,bellulus,NA,Corretroncos,CS1944
1945,Grallaria,alleni,NA,Tororoi Bigotudo,CS1945
1946,Grallaria,bangsi,NA,Tororoi de Santa Marta,CS1946
1947,Grallaria,gigantea,NA,Tororoi Gigante,CS1947
1948,Grallaria,kaestneri,NA,Tororoi de Cundinamarca,CS1948
1949,Grallaria,milleri,NA,Tororoi de Miller,CS1949
1950,Grallaria,rufocinerea,NA,Tororoi Rufocenizo,CS1950
1951,Grallaria,urraoensis,NA,Tororoi de Urrao,CS1951
1952,Hypopyrrhus,pyrohypogaster,NA,Chango Colombiano,CS1952
1953,Icterus,icterus,NA,Turpial Real,CS1953
1954,Icterus,leucopteryx,NA,Turpial Jamaiquino,CS1954
1955,Macroagelaius,subalaris,NA,Chango de Montaña,CS1955
1956,Psarocolius,cassini,NA,Oropéndola Chocoana,CS1956
1957,Basileuterus,ignotus,NA,Arañero del Pirré,CS1957
1958,Myiothlypis,basilica,NA,Arañero de Santa Marta,CS1958
1959,Myiothlypis,conspicillata,NA,Arañero Embridado,CS1959
1960,Setophaga,cerulea,NA,Reinita Cerúela,CS1960
1961,Chloropipo,flavicapilla,NA,Saltarin Dorado,CS1961
1962,Scytalopus,canus,NA,Tapaculo de Paramillo,CS1962
1963,Scytalopus,panamensis,NA,Tapaculo Cejiblanco,CS1963
1964,Scytalopus,perijanus,NA,Tapaculo de Perijá,CS1964
1965,Scytalopus,rodriguezi,NA,Tapaculo del Magdalena,CS1965
1966,Scytalopus,sanctaemartae,NA,Tapaculo de Santa Marta,CS1966
1967,Scytalopus,stilesi,NA,Tapaculo de Stiles,CS1967
1968,Clytoctantes,alixii,NA,Hormiguero Pico de Hacha,CS1968
1969,Dysithamnus,occidentalis,NA,Hormiguero Occidental,CS1969
1970,Xenornis,setifrons,NA,Hormiguero de Tacarcuna,CS1970
1971,Bangsia,aureocincta,NA,Bangsia de Tatamá,CS1971
1972,Bangsia,melanochlamys,NA,Bangsia Negra y Oro,CS1972
1973,Chlorochrysa,nitidissima,NA,Clorocrisa Multicolor,CS1973
1974,Creurgops,verticalis,NA,Tángara Crestirufa,CS1974
1975,Dacnis,berlepschi,NA,Dacnis Pechirroja,CS1975
1976,Dacnis,hartlaubi,NA,Dacnis Turquesa,CS1976
1977,Diglossa,gloriosissima,NA,Diglosa Pechirrufa,CS1977
1978,Saltator,cinctus,NA,Saltátor Collarejo,CS1978
1979,Tangara,fucosa,NA,Tangara Nuquiverde,CS1979
1980,Tephrophilus,wetmorei,NA,Azulejo de Wetmore,CS1980
1981,Cistothorus,apolinari,NA,Cucarachero de Apolinar,CS1981
1982,Henicorhina,negreti,NA,Cucarachero de Munchique,CS1982
1983,Thryophilus,nicefori,NA,Cucarachero de Nicéforo,CS1983
1984,Thryophilus,sernai,NA,Cucarachero Paisa,CS1984
1985,Troglodytes,monticola,NA,Cucarachero de Santa Marta,CS1985
1986,Myadestes,coloratus,NA,Solitario Enmascarado,CS1986
1987,Attila,torridus,NA,Atila Ocrácea,CS1987
1988,Muscisaxicola,maculirostris,NA,Dormilona Chica,CS1988
1989,Myiotheretes,pernix,NA,Atrapamoscas de Santa Marta,CS1989
1990,Phylloscartes,lanyoni,NA,Tiranuelo Antioqueño,CS1990
1991,Polystictus,pectoralis,NA,Tachurí Barbado,CS1991
1992,Pseudocolopteryx,acutipennis,NA,Doradito Lagunero,CS1992
1993,Vireo,approximans,NA,Vireo de Providencia,CS1993
1994,Vireo,caribaeus,NA,Veireo de San Andrés,CS1994
1995,Vireo,masteri,NA,Vireo del Chocó,CS1995
1996,Marmosops,handleyi,NA,Tunato de Handley,CS1996
1997,Caenolestes,convelatus,NA,Ratón marsupial negruzco,CS1997
1998,Saccopteryx,antioquensis,NA,Murciélago de líneas blancas | Murciélago de sacos de Antioquia,CS1998
1999,Lonchorhina,marinkellei,NA,Murciélago nariz de espada de Marinkelle,CS1999
2000,Trichechus,inunguis,NA,Manatí amazónico | Vaca marina | Manatí,CS2000
2001,Trichechus,manatus,NA,Manatí del Caribe | Vaca marina,CS2001
2002,Lycalopex,culpaeus,NA,NA,CS2002
2003,Leopardus,tigrinus,NA,Tigrillo gallinero | Tigrillo | Oncilla | Tigrillo peludo,CS2003
2004,Panthera,onca,NA,Jaguar | Tigre real | Tigre mariposo,CS2004
2005,Lontra,longicaudis,NA,Nutria neotropical | Lobito de río,CS2005
2006,Pteronura,brasiliensis,NA,Perro de agua | Nutria gigante,CS2006
2007,Tremarctos,ornatus,NA,Oso andino | Oso de anteojos,CS2007
2008,Tapirus,pinchaque,NA,Danta de Páramo | Danta de Montaña,CS2008
2009,Balaenoptera,borealis,NA,Ballena boba | Ballena sei,CS2009
2010,Balaenoptera,musculus,NA,Ballena azul,CS2010
2011,Balaenoptera,physalus,NA,Ballena de aleta,CS2011
2012,Megaptera,novaeangliae,NA,Ballena Jorobada | Yubarta,CS2012
2013,Sotalia,fluviatilis,NA,Delfín Gris de río | Tucuxi,CS2013
2014,Inia,geoffrensis,NA,Bufeo | Delfín rosado | Tonina | Bufeo colorado,CS2014
2015,Physeter,macrocephalus,NA,Cachalote,CS2015
2016,Aotus,brumbacki,NA,Mico de noche Llanero,CS2016
2017,Aotus,griseimembra,NA,Marta | Mico dormilón | Mico de noche | Mico de noche caribeño,CS2017
2018,Aotus,lemurinus,NA,Marta | Mico dormilón | Mico de noche andino,CS2018
2019,Aotus,zonalis,NA,Mico de noche chocoano panameño,CS2019
2020,Ateles,hybridus,NA,Marimonda del Magdalena,CS2020
2021,Callimico,goeldii,NA,Chichico diablo,CS2021
2022,Saguinus,leucopus,NA,Tití gris,CS2022
2023,Saguinus,oedipus,NA,Tití cabeciblanco,CS2023
2024,Cebus,malitiosus,NA,Mico maicero cariblanco de Santa Marta,CS2024
2025,Cebus,versicolor,NA,Maicero cariblanco variable,CS2025
2026,Cheracebus,medemi,NA,El tití de manos negras | Cotoncillo negro | Huicoco colombiano,CS2026
2027,Pithecia,milleri,NA,Mico volador,CS2027
2028,Plecturocebus,caquetensis,NA,El tití del Caquetá | Tongo | Macaco,CS2028
2029,Plecturocebus,discolor,NA,Mico tocón | Mico Zocai,CS2029
2030,Plecturocebus,ornatus,NA,Mico tocón | Zogui-zogui,CS2030
2031,Thomasomys,bombycinus,NA,Ratón Oldfield,CS2031
2032,Thomasomys,monochromos,NA,Ratón Oldfield de un solo color,CS2032
2033,Santamartamys,rufodorsalis,NA,Raton arboreo de Santa Marta,CS2033
2034,Dinomys,branickii,NA,Guagua loba,CS2034
2035,Coendou,vestitus,NA,Puercoespín | Puercoerizo,CS2035
2036,Lepanthes,golondrina,NA,NA,CS2036
2037,Miconia,jentaculorum,NA,NA,CS2037
2038,Pitcairnia,exserta,NA,NA,CS2038
2039,Salvia,cuatrecasasiana,NA,Salvia de Cuatrecasa,CS2039
2040,Alouatta,palliata,NA,Mono colorado | Cotudo | Roncador | Araguato | Berreador,CS2040
2041,Anotomys,leander,NA,NA,CS2041
2042,Aotus,nancymaae,NA,Mico de noche de Nancy Ma | Marta | Mico dormilón | Mico de noche,CS2042
2043,Ateles,belzebuth,NA,Marimonda Amazónica | Braceador | Choiba | Marimonda,CS2043
2044,Ateles,fusciceps,NA,Mono araña | Mono negro | Marimonda,CS2044
2045,Bassaricyon,neblina,NA,Macoperro | Leoncillo,CS2045
2046,Cabassous,unicinctus,NA,Armadillo rabo de trapo,CS2046
2047,Cebuella,pygmaea,NA,Mono de bolsillo | Leoncillo | Chichico,CS2047
2048,Cebus,capucinus,NA,NA,CS2048
2049,Chilonatalus,micropus,NA,NA,CS2049
2050,Dasypus,sabanicola,NA,Cachicame,CS2050
2051,Gracilinanus,dryas,NA,NA,CS2051
2052,Hydrochoerus,isthmius,NA,Capibara | Chiguiro,CS2052
2053,Lagothrix,lagothricha,NA,Choyo | Churuco | Chuluco | Mico churuco | Barrigudo | Mico churuco colombiano,CS2053
2054,Leptonycteris,curasoae,NA,NA,CS2054
2055,Lonchorhina,orinocensis,NA,NA,CS2055
2056,Marmosa,xerophila,NA,NA,CS2056
2057,Mazama,rufina,NA,NA,CS2057
2058,Neogale,felipei,NA,Comadreja colombiana,CS2058
2059,Myrmecophaga,tridactyla,NA,Tamandúa | Susurete | Oso amarillo,CS2059
2060,Priodontes,maximus,NA,Armadillo gigante | Ocarro | Jusa trueno,CS2060
2061,Pudu,mephistophiles,NA,NA,CS2061
2062,Sotalia,guianensis,NA,Tucuxi marino | Tonina | Delfín de rí­o,CS2062
2063,Tapirus,bairdii,NA,Danta del Chocó | Danta centroamericana | Macho de monte,CS2063
2064,Tapirus,terrestris,NA,Danta | Sacha vaca,CS2064
2065,Tayassu,pecari,NA,Pecari labiado | Huangana,CS2065
2066,Thomasomys,hylophilus,NA,NA,CS2066
2067,Neoplatymops,mattogrossensis,NA,NA,CS2067
2068,Natalus,mexicanus,NA,NA,CS2068
2069,Cheracebus,lucifer,NA,NA,CS2069
2070,Gustavia,nana,nana,NA,CS2070
2071,Gustavia,speciosa,occidentalis,NA,CS2071
2072,Salvia,amethystina,sumapacis,Salvia del Sumapaz,CS2072
2073,Salvia,amethystina,vetasiana,Salvia azul de vetas,CS2073
2074,Salvia,aratocensis,suratensis,Velero de suratá,CS2074
2075,Salvia,camarifolia,camarifolia,Salvia roja de la sierra Nevada,CS2075
2076,Salvia,camarifolia,ibiricensis,Salvia roja del Perijá,CS2076
2077,Salvia,cyanocephala,cyanocephala,NA,CS2077
2078,Salvia,cyanocephala,macrostigmantha,Salvia de Guatavita,CS2078
2079,Salvia,pauciserrata,lasiocalicina,Salvia sigmoide de Antioquia,CS2079
2080,Salvia,erythrostoma,erythrostoma,Salvia de boca roja,CS2080
2081,Salvia,erythrostoma,isabelina,Salvia de Santa Santa Isabel,CS2081
2082,Salvia,gachantivana,gachantivana,Salvia de Gachantivá,CS2082
2083,Salvia,melaleuca,melaleuca,Amarguera de Chorro,CS2083
2084,Salvia,melaleuca,totensis,Amargosa de Tota,CS2084
2085,Salvia,orthostachys,orthostachys,Retama,CS2085
2086,Salvia,orthostachys,soatensis,Amargosa de Soatá,CS2086
2087,Salvia,pauciserrata,derasa,Salvia sigmoide del Cauca,CS2087
2088,Salvia,pauciserrata,erythrocalycina,Salvia sigmoide de Pajarito,CS2088
2089,Salvia,pauciserrata,pauciserrata,Salvia sigmoide del Tequendama,CS2089
2090,Salvia,rubescens,colombiana,Salvia roja de Vetas,CS2090
2091,Salvia,rubescens,dolichothrix,Barbasco rojo,CS2091
2092,Salvia,rufula,paezorum,Salvia roja de los paeces,CS2092
2093,Salvia,sphacelioides,anaglypha,Salvia morada de ocaña,CS2093
2094,Salvia,sphacelioides,paxfluminensis,Salvia de Paz de Río,CS2094
2095,Salvia,sphacelioides,sphacelioides,Salvia azil del Donachuí,CS2095
2096,Salvia,sphacelioides,trianae,Salvia púrpura de Triana,CS2096
2097,Bactris,gasipaes,chichagui,Chinamato,CS2097
2098,Pterourus,cacicus,cacicus,Papilio acanalado de alta montaña,CS2098
2099,Trachemys,venusta,callirostris,Hicotea,CS2099
2100,Kinosternon,scorpioides,albogulare,Swanka,CS2100
2101,Crypturellus,obsoletus,castaneus,Tinamú pardo,CS2101
2102,Molothrus,aeneus,armenti,Chamón del Caribe,CS2102
2103,Odocoileus,virginianus,tropicalis,Venado sabanero | Venado cola blanca,CS2103
