Intraespecificidad epiteto,,,,
CODIGO INTERESPECIFIDAD,GENERO,EPITETO ESPECIFICO,EPITETO INFRAESPECIFICO,NOMBRE VERNACULO
1,Arthonia,obscurella,NA,NA
2,Arthonia,septemlocularis,NA,NA
3,Ancistrosporella,leucophila,NA,NA
4,Byssoloma,permutans,NA,NA
5,Lecanactis,proximans,NA,NA
6,Schismatomma,leucopsarum,NA,NA
7,Bogoriella,apposita,NA,NA
8,Bacidia,proposita,NA,NA
9,Badimia,vezdana,NA,NA
10,Ramalina,bogotensis,NA,NA
11,Ramalina,protensa,NA,NA
12,Gyalideopsis,chicaque,NA,NA
13,Fissurina,linoana,NA,NA
14,Graphis,amaliana,NA,NA
15,Graphis,carmenelisana,NA,NA
16,Graphis,kavintuca,NA,NA
17,Graphis,lurizana,NA,NA
18,Graphis,mokanarum,NA,NA
19,Graphis,rosalbiana,NA,NA
20,Graphis,santanderiana,NA,NA
21,Graphis,solmariana,NA,NA
22,Myriotrema,fragile,NA,NA
23,Ocellularia,auberianoides,NA,NA
24,Ocellularia,percolumellata,NA,NA
25,Ocellularia,umbilicatoides,NA,NA
26,Ocellularia,usnicolor,NA,NA
27,Phaeographina,cabbalistica,NA,NA
28,Phaeographis,dividens,NA,NA
29,Phaeographis,galeanoae,NA,NA
30,Phaeographis,leucocheila,NA,NA
31,Platythecium,serpentinellum,NA,NA
32,Redingeria,glyphica,NA,NA
33,Thalloloma,haemographum,NA,NA
34,Thelotrema,conveniens,NA,NA
35,Thelotrema,leucocarpoides,NA,NA
36,Thelotrema,sphinctrinellum,NA,NA
37,Aspidothelium,silverstonei,NA,NA
38,Leptogium,inversum,NA,NA
39,Lobariella,angustata,NA,NA
40,Lobariella,ecorticata,NA,NA
41,Lobariella,flavomedullosa,NA,NA
42,Lobariella,parmelioides,NA,NA
43,Lobariella,pseudocrenulata,NA,NA
44,Lobariella,reticulata,NA,NA
45,Sticta,peltigerella,NA,NA
46,Sticta,rubropruinosa,NA,NA
47,Sticta,silverstonii,NA,NA
48,Sticta,tunjensis,NA,NA
49,Pertusaria,confundens,NA,NA
50,Pertusaria,thelocarpoides,NA,NA
51,Caloplaca,conjungens,NA,NA
52,Cora,accipiter,NA,NA
53,Cora,arachnodavidea,NA,NA
54,Cora,arcabucana,NA,NA
55,Cora,aturucoa,NA,NA
56,Cora,barbifera,NA,NA
57,Cora,byssoidea,NA,NA
58,Cora,casanarensis,NA,NA
59,Cora,corelleslia,NA,NA
60,Cora,davibogotana,NA,NA
61,Cora,davicrinita,NA,NA
62,Cora,davidia,NA,NA
63,Cora,fimbriata,NA,NA
64,Cora,gigantea,NA,NA
65,Cora,hafecesweorthensis,NA,NA
66,Cora,hirsuta,NA,NA
67,Cora,inversa,NA,NA
68,Cora,leslactuca,NA,NA
69,Cora,pastorum,NA,NA
70,Cora,pikynasa,NA,NA
71,Cora,putumayensis,NA,NA
72,Cora,quillacinga,NA,NA
73,Cora,rothesiorum,NA,NA
74,Cora,setosa,NA,NA
75,Cora,udebeceana,NA,NA
76,Cora,undulata,NA,NA
77,Cora,verjonensis,NA,NA
78,Lepidostroma,calocerum,NA,NA
79,Multiclavula,coronilla,NA,NA
80,Sulzbacheromyces,chocoensis,NA,NA
81,Sulzbacheromyces,tutunendo,NA,NA
82,Anomobryum,clavicaule,NA,NA
83,Bryum,sordidum,NA,NA
84,Schizymenium,pectinatum,NA,NA
85,Dicranella,muralis,NA,NA
86,Dicranella,pusilla,NA,NA
87,Pleuridium,lindigianum,NA,NA
88,Calyptrochaeta,nutans,NA,NA
89,Leskeodon,paisa,NA,NA
90,Lepidopilum,wallisii,NA,NA
91,Eurhynchium,semitortum,NA,NA
92,Trichosteleum,mastopomatoides,NA,NA
93,Cyrto-hypnum,arzobispoae,NA,NA
94,Macromitrium,tocaremae,NA,NA
95,Didymodon,lindigii,NA,NA
96,Tayloria,altorum,NA,NA
97,Sphagnum,angustifolium,NA,NA
98,Sphagnum,antioquiense,NA,NA
99,Sphagnum,boomii,NA,NA
100,Sphagnum,boyacanum,NA,NA
101,Sphagnum,capillaceum,NA,NA
102,Sphagnum,cleefii,NA,NA
103,Sphagnum,curvatulum,NA,NA
104,Sphagnum,diblastoides,NA,NA
105,Sphagnum,falcatulum,NA,NA
106,Sphagnum,imperforatum,NA,NA
107,Sphagnum,laxirameum,NA,NA
108,Sphagnum,lewisii,NA,NA
109,Sphagnum,ornatum,NA,NA
110,Sphagnum,platyphyllum,NA,NA
111,Sphagnum,pylaesii,NA,NA
112,Sphagnum,rotundatum,NA,NA
113,Sphagnum,santanderense,NA,NA
114,Sphagnum,sonsonense,NA,NA
115,Sphagnum,squarrosum,NA,NA
116,Sphagnum,sumapazense,NA,NA
117,Neesioscyphus,allionii,NA,NA
118,Ruizanthus,venezuelanus,NA,NA
119,Nowellia,curvifolia,NA,NA
120,Cephaloziella,divaricata,NA,NA
121,Cephaloziopsis,intertexta,NA,NA
122,Bazzania,denticulifera,NA,NA
123,Micropterygium,longicellulatum,NA,NA
124,Chaetocolea,palmata,NA,NA
125,Temnoma,chaetophyllum,NA,NA
126,Metzgeria,lechleri,NA,NA
127,Blepharolejeunea,saccata,NA,NA
128,Ceratolejeunea,globulifera,NA,NA
129,Cheilolejeunea,aurifera,NA,NA
130,Cheilolejeunea,tonduzana,NA,NA
131,Cololejeunea,minuscula,NA,NA
132,Cololejeunea,papilliloba,NA,NA
133,Cololejeunea,sicifolia,NA,NA
134,Colura,cylindrica,NA,NA
135,Dibrachiella,bischleriana,NA,NA
136,Lejeunea,inflexiloba,NA,NA
137,Prionolejeunea,magnistipula,NA,NA
138,Porella,brachiata,NA,NA
139,Riccia,weinionis,NA,NA
140,Alsophila,esmeraldensis,NA,NA
141,Alsophila,imrayana,NA,NA
142,Alsophila,incana,NA,NA
143,Alsophila,paucifolia,NA,NA
144,Alsophila,rupestris,NA,NA
145,Cyathea,acutidens,NA,NA
146,Cyathea,aemula,NA,NA
147,Cyathea,antioquensis,NA,NA
148,Cyathea,arborea,NA,NA
149,Cyathea,boconensis,NA,NA
150,Cyathea,callejasii,NA,NA
151,Cyathea,cardenasii,NA,NA
152,Cyathea,cervantesiana,NA,NA
153,Cyathea,clandestina,NA,NA
154,Cyathea,coloradoana,NA,NA
155,Cyathea,eggersii,NA,NA
156,Cyathea,giraldoi,NA,NA
157,Cyathea,gracilis,NA,NA
158,Cyathea,guentheriana,NA,NA
159,Cyathea,haughtii,NA,NA
160,Cyathea,kalbreyeri,NA,NA
161,Cyathea,kessleriana,NA,NA
162,Cyathea,lindigii,NA,NA
163,Cyathea,longipetiolulata,NA,NA
164,Cyathea,minuta,NA,NA
165,Cyathea,nodulifera,NA,NA
166,Cyathea,oblonga,NA,NA
167,Cyathea,obnoxia,NA,NA
168,Cyathea,pacis,NA,NA
169,Cyathea,pholidota,NA,NA
170,Cyathea,pilozana,NA,NA
171,Cyathea,pinnuloides,NA,NA
172,Cyathea,prosopioides,NA,NA
173,Cyathea,renjifoi,NA,NA
174,Cyathea,retanae,NA,NA
175,Cyathea,rodriguezii,NA,NA
176,Cyathea,singularis,NA,NA
177,Cyathea,straminea,NA,NA
178,Cyathea,tejedoris,NA,NA
179,Cyathea,toroi,NA,NA
180,Cyathea,uleana,NA,NA
181,Cyathea,uregoana,NA,NA
182,Cyathea,varians,NA,NA
183,Cyathea,werffii,NA,NA
184,Dicksonia,lehnertiana,NA,NA
185,Dicksonia,stuebelii,NA,NA
186,Zamia,amplifolia,NA,Zamia de Anchicayá
187,Zamia,disodon,NA,Zamia dentada
188,Zamia,encephalartoides,NA,Zamia de Las Rocas
189,Zamia,huilensis,NA,NA
190,Zamia,incognita,NA,NA
191,Zamia,melanorrhachis,NA,NA
192,Zamia,montana,NA,Zamia de Montaña
193,Zamia,oligodonta,NA,Zamia de Risaralda
194,Zamia,pyrophylla,NA,NA
195,Zamia,restrepoi,NA,NA
196,Zamia,tolimensis,NA,NA
197,Zamia,wallisii,NA,NA
198,Podocarpus,guatemalensis,NA,Chaquiro dulce
199,Podocarpus,oleifolius,NA,Pino colombiano
200,Prumnopitys,harmsiana,NA,Pino chaquiro
201,Prumnopitys,montana,NA,Pino de montaña
202,Myrrhidendron,pennellii,NA,NA
203,Dendropanax,glaberrimus,NA,NA
204,Dendropanax,lehmannii,NA,NA
205,Dendropanax,pachypodus,NA,NA
206,Oreopanax,acerifolius,NA,Mano de Tigre
207,Oreopanax,brunneus,NA,NA
208,Oreopanax,cyclophyllus,NA,NA
209,Oreopanax,fontqueranus,NA,NA
210,Oreopanax,gargantae,NA,Higuerón
211,Oreopanax,hypargyreus,NA,NA
212,Oreopanax,killipii,NA,NA
213,Oreopanax,lawrancei,NA,NA
214,Oreopanax,niger,NA,NA
215,Oreopanax,ruizanus,NA,Cincodedos
216,Oreopanax,sucrensis,NA,NA
217,Oreopanax,trianae,NA,Cincodedos
218,Oreopanax,velutinus,NA,NA
219,Schefflera,bifurcata,NA,NA
220,Schefflera,calyptricuspidata,NA,NA
221,Schefflera,connata,NA,NA
222,Schefflera,digyna,NA,Maco
223,Schefflera,heterotricha,NA,NA
224,Schefflera,paniculitomentosa,NA,NA
225,Schefflera,samariana,NA,NA
226,Schefflera,sararensis,NA,NA
227,Ilex,bullata,NA,NA
228,Ilex,gale,NA,NA
229,Ilex,mucronulata,NA,NA
230,Ilex,pustulosa,NA,Mulato
231,Ilex,velutinulosa,NA,NA
232,Citronella,silvatica,NA,NA
233,Aequatorium,latibracteolatum,NA,NA
234,Coespeletia,laxiflora,NA,NA
235,Critoniopsis,cinerea,NA,Cenizo
236,Critoniopsis,cuatrecasasii,NA,Blanquizco
237,Critoniopsis,franciscana,NA,NA
238,Critoniopsis,glandulata,NA,NA
239,Critoniopsis,popayanensis,NA,NA
240,Critoniopsis,uribei,NA,NA
241,Critoniopsis,ursicola,NA,NA
242,Diplostephium,dentatum,NA,NA
243,Diplostephium,ellipticum,NA,NA
244,Diplostephium,oblongifolium,NA,NA
245,Diplostephium,perijaense,NA,NA
246,Diplostephium,santamartae,NA,NA
247,Espeletia,annemariana,NA,NA
248,Espeletia,arbelaezii,NA,NA
249,Espeletia,ariana,NA,NA
250,Espeletia,azucarina,NA,NA
251,Espeletia,brachyaxiantha,NA,Frailejón de Pesca
252,Espeletia,brassicoidea,NA,Frailejón Arrepollado
253,Espeletia,cabrerensis,NA,Frailejón de Cabrera
254,Espeletia,cachaluensis,NA,NA
255,Espeletia,canescens,NA,NA
256,Espeletia,cayetana,NA,Frailejón de San Cayetano
257,Espeletia,chocontana,NA,Frailejón de Chocontá
258,Espeletia,cleefii,NA,NA
259,Espeletia,conglomerata,NA,Frailejón Aglomerado
260,Espeletia,discoidea,NA,Frailejón Discoideo
261,Espeletia,dugandii,NA,Frailejón de Dugand
262,Espeletia,episcopalis,NA,NA
263,Espeletia,estanislana,NA,Frailejón de Estanislao
264,Espeletia,formosa,NA,NA
265,Espeletia,idroboi,NA,Frailejón de Idrobo
266,Espeletia,incana,NA,Frailejón Blanco
267,Espeletia,jaramilloi,NA,Frailejón de Jaramillo
268,Espeletia,mirabilis,NA,NA
269,Espeletia,miradorensis,NA,NA
270,Espeletia,nemekenei,NA,Frailejón de Nemequene
271,Espeletia,oswaldiana,NA,Frailejón de Oswaldo
272,Espeletia,paipana,NA,Frailejón de Paipa
273,Espeletia,perijaensis,NA,Frailejón de Perijá
274,Espeletia,pescana,NA,Frailejón de Belén
275,Espeletia,pulcherrima,NA,NA
276,Espeletia,raquirensis,NA,NA
277,Espeletia,roberti,NA,Frailejón de Jurisdicciones
278,Espeletia,rositae,NA,Frailejón de Santa Rosita
279,Espeletia,schultesiana,NA,Frailejón de Schultes
280,Espeletia,soroca,NA,NA
281,Espeletia,standleyana,NA,Frailejón de Standley
282,Espeletia,steyermarkii,NA,NA
283,Espeletia,summapacis,NA,NA
284,Espeletia,tibamoensis,NA,NA
285,Espeletia,tunjana,NA,Frailejón de Tunja
286,Espeletiopsis,betancurii,NA,NA
287,Espeletiopsis,caldasii,NA,Frailejón Enano
288,Espeletiopsis,diazii,NA,NA
289,Espeletiopsis,funckii,NA,Frailejón de Funck
290,Espeletiopsis,garciae,NA,Frailejón de García Barriga
291,Espeletiopsis,insignis,NA,Frailejón de Chitagá
292,Espeletiopsis,jimenez-quesadae,NA,NA
293,Espeletiopsis,purpurascens,NA,Frailejón Purpúreo
294,Espeletiopsis,rabanalensis,NA,NA
295,Espeletiopsis,sanchezii,NA,NA
296,Espeletiopsis,sclerophylla,NA,Frailejón coriáceo
297,Gynoxys,columbiana,NA,NA
298,Gynoxys,florulenta,NA,NA
299,Gynoxys,hirsuta,NA,Chilca lanosa
300,Gynoxys,hirsutissima,NA,NA
301,Gynoxys,laurata,NA,NA
302,Jalcophila,colombiana,NA,NA
303,Jaramilloa,hylibates,NA,NA
304,Libanothamnus,divisoriensis,NA,Tabaquillo de la Frontera
305,Libanothamnus,tamanus,NA,Tabaquillo de Tamá
306,Linochilus,antioquensis,NA,NA
307,Linochilus,apiculatus,NA,NA
308,Linochilus,camargoanus,NA,NA
309,Linochilus,chrysotrichus,NA,NA
310,Linochilus,colombianus,NA,NA
311,Linochilus,coriaceus,NA,NA
312,Linochilus,frontinensis,NA,NA
313,Linochilus,heterophyllus,NA,NA
314,Linochilus,jaramilloi,NA,NA
315,Linochilus,juajibioyi,NA,NA
316,Linochilus,violaceus,NA,NA
317,Llerasia,caucana,NA,NA
318,Lycoseris,colombiana,NA,NA
319,Mikania,tristachya,NA,NA
320,Paragynoxys,uribei,NA,Orejo
321,Paramiflos,glandulosus,NA,Frailejón glanduloso
322,Pectis,monocephala,NA,NA
323,Pentacalia,albi-panquei,NA,NA
324,Pentacalia,almorzana,NA,NA
325,Pentacalia,cacaosensis,NA,NA
326,Pentacalia,diamantensis,NA,NA
327,Pentacalia,elatoides,NA,NA
328,Pentacalia,fimbriifera,NA,NA
329,Pentacalia,harrietae,NA,NA
330,Pentacalia,novolanata,NA,NA
331,Pentacalia,perijaensis,NA,NA
332,Pentacalia,ricoensis,NA,NA
333,Pentacalia,robertii,NA,NA
334,Pentacalia,summapacis,NA,NA
335,Pentacalia,taironae,NA,NA
336,Pentacalia,vallecaucana,NA,NA
337,Pentacalia,viridi-alba,NA,NA
338,Pentacalia,yanetharum,NA,NA
339,Perymenium,colombianum,NA,NA
340,Piptocarpha,boyacensis,NA,NA
341,Ruilopezia,cardonae,NA,NA
342,Steiractinia,rusbyana,NA,NA
343,Tamania,chardonii,NA,Tabaquero
344,Cordia,fuertesii,NA,Mulato
345,Cordia,killipiana,NA,NA
346,Cordia,ramirezii,NA,NA
347,Varronia,acuta,NA,Guásimo
348,Tournefortia,brantii,NA,NA
349,Tournefortia,killipii,NA,NA
350,Viburnum,antioquiense,NA,NA
351,Viburnum,axillare,NA,NA
352,Viburnum,lehmannii,NA,NA
353,Viburnum,subsessile,NA,NA
354,Viburnum,suratense,NA,NA
355,Saurauia,chocoensis,NA,NA
356,Saurauia,micayensis,NA,Moquillo
357,Saurauia,oroquensis,NA,NA
358,Saurauia,pulchra,NA,Dulumoco
359,Bejaria,nana,NA,NA
360,Cavendishia,dendrophila,NA,NA
361,Cavendishia,jardinensis,NA,NA
362,Cavendishia,longirachis,NA,NA
363,Cavendishia,macrocephala,NA,NA
364,Cavendishia,nuda,NA,NA
365,Cavendishia,sessiliflora,NA,NA
366,Cavendishia,sophoclesioides,NA,NA
367,Macleania,crassa,NA,NA
368,Macleania,pubiflora,NA,NA
369,Orthaea,caudata,NA,NA
370,Orthaea,cavendishioides,NA,NA
371,Pernettya,hirta,NA,NA
372,Plutarchia,coronaria,NA,NA
373,Plutarchia,dasyphylla,NA,NA
374,Plutarchia,dichogama,NA,NA
375,Plutarchia,guascensis,NA,NA
376,Plutarchia,minor,NA,NA
377,Plutarchia,miranda,NA,NA
378,Plutarchia,monantha,NA,NA
379,Plutarchia,pubiflora,NA,NA
380,Plutarchia,rigida,NA,NA
381,Semiramisia,pulcherrima,NA,NA
382,Themistoclesia,mucronata,NA,NA
383,Themistoclesia,recurva,NA,NA
384,Themistoclesia,rostrata,NA,NA
385,Thibaudia,fallax,NA,NA
386,Bertholletia,excelsa,NA,Nuez del Brasil
387,Cariniana,pyriformis,NA,Abarco | Chibugá
388,Couroupita,nicaraguarensis,NA,NA
389,Eschweilera,bogotensis,NA,NA
390,Eschweilera,cabrerana,NA,Dopirai | Cabo de hacha | Fono
391,Eschweilera,integricalyx,NA,Corcuncho
392,Eschweilera,neei,NA,NA
393,Eschweilera,pachyderma,NA,Guasco blanco
394,Eschweilera,rimbachii,NA,NA
395,Grias,colombiana,NA,Guasca
396,Grias,multinervia,NA,NA
397,Gustavia,angustifolia,NA,NA
398,Gustavia,dubia,NA,Mula muerta | Alma negra
399,Gustavia,excelsa,NA,Pacó | Pacó de monte
400,Gustavia,foliosa,NA,NA
401,Gustavia,gentryi,NA,NA
402,Gustavia,gracillima,NA,Confite
403,Gustavia,grandibracteata,NA,NA
404,Gustavia,latifolia,NA,NA
405,Gustavia,longifuniculata,NA,Mula muerta
406,Gustavia,petiolata,NA,NA
407,Gustavia,romeroi,NA,Coco hediondo
408,Lecythis,mesophylla,NA,Coco cristal
409,Lecythis,tuyrana,NA,Olla de mono | Olleto
410,Freziera,sericea,NA,Cerezo
411,Ardisia,killipii,NA,NA
412,Clavija,cauliflora,NA,Durazno de monte
413,Clavija,grandis,NA,NA
414,Clavija,killipii,NA,NA
415,Clavija,plumbea,NA,manzano
416,Clavija,sanctae-martae,NA,NA
417,Cybianthus,cogolloi,NA,NA
418,Geissanthus,callejasii,NA,NA
419,Geissanthus,cestrifolius,NA,Cacho de venado
420,Geissanthus,francoae,NA,Huesito
421,Geissanthus,goudotianus,NA,NA
422,Geissanthus,kalbreyeri,NA,Colorado
423,Geissanthus,sessiliflorus,NA,Tampaco
424,Hymenandra,callejasii,NA,NA
425,Myrsine,paramensis,NA,NA
426,Myrsine,perreticulata,NA,NA
427,Chrysophyllum,euryphyllum,NA,NA
428,Styrax,lasiocalyx,NA,NA
429,Styrax,schultzei,NA,NA
430,Symplocos,lehmannii,NA,NA
431,Symplocos,phaeoneura,NA,NA
432,Symplocos,pichindensis,NA,NA
433,Symplocos,quindiuensis,NA,NA
434,Symplocos,rhomboidea,NA,NA
435,Symplocos,trianae,NA,NA
436,Symplocos,venulosa,NA,NA
437,Aspidosperma,polyneuron,NA,Carreto | Carreto blanco | Costillo | Costillo acanalado (a nivel nacional) | Comulá | Cumulá (Cundinamarca y Tolima) | Quimulá (Cundinamarca y Tolima)
438,Lacmellea,abbreviata,NA,Sande
439,Malouetia,cuatrecasatis,NA,NA
440,Mandevilla,aridana,NA,NA
441,Metastelma,atrovirens,NA,NA
442,Arachnothryx,educta,NA,NA
443,Arachnothryx,euryphylla,NA,NA
444,Arachnothryx,guettardioides,NA,NA
445,Chomelia,longiflora,NA,NA
446,Coussarea,antioquiana,NA,NA
447,Coussarea,insolita,NA,NA
448,Elaeagia,barbata,NA,NA
449,Guettarda,ocoteifolia,NA,NA
450,Joosia,antioquiana,NA,NA
451,Macrocnemum,stylocarpum,NA,NA
452,Palicourea,antioquiana,NA,NA
453,Palicourea,denslowiae,NA,NA
454,Palicourea,killipii,NA,Mortiño
455,Psychotria,altiplanensis,NA,NA
456,Psychotria,gallerana,NA,NA
457,Psychotria,ovatistipula,NA,NA
458,Rudgea,vallis,NA,NA
459,Simira,cesariana,NA,Berraquillo
460,Simira,hirsuta,NA,NA
461,Aphelandra,porphyrocarpa,NA,NA
462,Aphelandra,taborensis,NA,NA
463,Ruellia,potamophila,NA,NA
464,Handroanthus,coralibe,NA,Coralibe
465,Romeroa,verticillata,NA,Cuerillo
466,Adenocalymma,magdalenense,NA,NA
467,Besleria,decipiens,NA,NA
468,Aegiphila,pennellii,NA,NA
469,Aegiphila,sylvatica,NA,NA
470,Hyptidendron,arboreum,NA,Gallinazo blanco
471,Hyptis,purdiei,NA,Mastranto azul de Purdie
472,Lepechinia,betonicifolia,NA,Matico
473,Lepechinia,cocuyensis,NA,Savielugo de Cocuy
474,Lepechinia,velutina,NA,Salvielugo del Chicamocha
475,Lepechinia,vulcanicola,NA,Salvielugo del Galeras
476,Mesosphaerum,diffusum,NA,Mastranto serrano
477,Mesosphaerum,melissoides,NA,Mastranto del Juanambú
478,Mesosphaerum,obtusatum,NA,Mastranto azul de Nariño
479,Mesosphaerum,perbullatum,NA,Mastranto azul del Chicamocha
480,Salvia,alvajaca,NA,Salvia panameña
481,Salvia,ampelophylla,NA,Salvión morado de Cauca
482,Salvia,carbonoi,NA,Salvia de Carbonó
483,Salvia,chicamochae,NA,Salvia azul del Chicamocha
484,Salvia,cocuyana,NA,Amarguera del Cocuy
485,Salvia,codazziana,NA,Salvia de Codazzi
486,Salvia,corrugata,NA,Salvia corrugada
487,Salvia,cyanotropha,NA,Salvia lanosa de Ocaña
488,Salvia,falcata,NA,Salvia roja de Talauta
489,Salvia,funckii,NA,Salvia de Funck
490,Salvia,hermesiana,NA,Salvia del Cerro Pintado
491,Salvia,jaramilloi,NA,Salvia de Jaramillo
492,Salvia,libanensis,NA,Salvia de San Lorenzo
493,Salvia,macrostachya,NA,Salviarrial
494,Salvia,manaurica,NA,Salvia de Manaure
495,Salvia,nubigena,NA,Salvia de las nubes
496,Salvia,pamplonitana,NA,Salvia de Pamplonita
497,Salvia,paramicola,NA,Dominico del Almordero
498,Salvia,rubriflora,NA,Salvia hoja de flecha
499,Salvia,sagittata,NA,Salvia sagitana del sur
500,Salvia,sciaphila,NA,Salvia de las sombras
501,Salvia,sochensis,NA,Salvia de Socha
502,Salvia,sordida,NA,NA
503,Salvia,tolimensis,NA,Salvia púrpura del Tolima
504,Salvia,uribei,NA,Amarguera azul
505,Salvia,venulosa,NA,Salvia vinosa de Risaralda
506,Salvia,xeropapillosa,NA,Amarguera papilosa
507,Satureja,anachoreta,NA,Alhucema del Cerro Pintado
508,Scutellaria,cuatrecasana,NA,Escutelaria de Cuatrecasas
509,Scutellaria,hookeri,NA,Escutelaria de Hooker
510,Scutellaria,parrae,NA,Escutelaria de parra
511,Scutellaria,pseudocoleus,NA,Albahacón morado
512,Scutellaria,roseocyanea,NA,Escutelaria de Dabeiba
513,Stachys,radicans,NA,Bretónica rastrera
514,Vitex,columbiensis,NA,Aceituno
515,Chionanthus,abriaquiensis,NA,NA
516,Aragoa,abscondita,NA,NA
517,Aragoa,corrugatifolia,NA,NA
518,Aragoa,cupressina,NA,NA
519,Aragoa,dugandii,NA,NA
520,Aragoa,hammenii,NA,NA
521,Aragoa,parviflora,NA,NA
522,Aragoa,perez-arbelaeziana,NA,NA
523,Aragoa,picachensis,NA,NA
524,Citharexylum,vallense,NA,NA
525,Metteniusa,cundinamarcensis,NA,NA
526,Metteniusa,huilensis,NA,NA
527,Metteniusa,santanderensis,NA,NA
528,Cestrum,killipii,NA,NA
529,Solanum,humboldtianum,NA,NA
530,Browningia,hernandezii,NA,Dato | Canelón
531,Cephalotomandra,fragrans,NA,Talco
532,Guapira,uberrima,NA,NA
533,Triplaris,purdiei,NA,NA
534,Tripodanthus,belmirensis,NA,NA
535,Phoradendron,longissimum,NA,NA
536,Phoradendron,lorifolium,NA,NA
537,Acoelorraphe,wrightii,NA,Wild Pop Thatch
538,Aiphanes,acaulis,NA,Mararay sin tallo
539,Aiphanes,buenaventurae,NA,NA
540,Aiphanes,duquei,NA,Mararay de Duque
541,Aiphanes,gelatinosa,NA,Mararay Gelatinoso
542,Aiphanes,graminifolia,NA,Mararay macanillo
543,Aiphanes,killipii,NA,NA
544,Aiphanes,leiostachys,NA,Mararay de San Carlos
545,Aiphanes,lindeniana,NA,NA
546,Aiphanes,parvifolia,NA,Mararay hojipequeño
547,Aiphanes,pilaris,NA,Marary de pilar
548,Astrocaryum,malybo,NA,Palma estera
549,Astrocaryum,triandrum,NA,Guatinajo
550,Attalea,amygdalina,NA,Táparo del Río Cauca
551,Attalea,cohune,NA,Mamarrón
552,Attalea,colenda,NA,Palma Real de Tumaco
553,Attalea,iguadummat,NA,NA
554,Attalea,nucifera,NA,Almendrón
555,Bactris,charnleyae,NA,NA
556,Bactris,rostrata,NA,Chacarrá picudo
557,Calyptrogyne,costatifrons,NA,NA
558,Ceroxylon,alpinum,NA,Palma de cera de la zona cafetera
559,Ceroxylon,ceriferum,NA,NA
560,Ceroxylon,parvifrons,NA,NA
561,Ceroxylon,quindiuense,NA,Palma de cera del Quindío
562,Ceroxylon,sasaimae,NA,Palma de Cera de Sasaima
563,Ceroxylon,ventricosum,NA,Palma de cera barrigona
564,Ceroxylon,vogelianum,NA,NA
565,Chamaedorea,pumila,NA,NA
566,Chamaedorea,pygmaea,NA,Molinillo enano
567,Chamaedorea,ricardoi,NA,Molinillo de Ricardo
568,Chamaedorea,subjectifolia,NA,NA
569,Coccothrinax,argentata,NA,Palmicha de Providencia
570,Cryosophila,kalbreyeri,NA,Palma Escoba
571,Elaeis,oleifera,NA,Nolí
572,Geonoma,bernalii,NA,NA
573,Geonoma,chlamydostachys,NA,Geonoma del Magdalena
574,Geonoma,galeanoae,NA,NA
575,Geonoma,santanderensis,NA,Geonoma de Santander
576,Hyospathe,frontinensis,NA,Guagualín de Frontino
577,Hyospathe,wendlandiana,NA,Guagualín de Wendland
578,Oenocarpus,circumtextus,NA,Milpesillo de Sabana
579,Pholidostachys,panamensis,NA,NA
580,Pholidostachys,sanluisensis,NA,NA
581,Phytelephas,tumacana,NA,Tagua de Tumaco
582,Reinhardtia,gracilis,NA,Coquito esbelto
583,Reinhardtia,koschnyana,NA,Coquito enano
584,Reinhardtia,simplex,NA,Coquito simple
585,Roystonea,oleracea,NA,NA
586,Sabinaria,magnifica,NA,NA
587,Syagrus,sancona,NA,Sarare
588,Wettinia,hirsuta,NA,Gualte Mazorca
589,Wettinia,microcarpa,NA,Maquenque | Gualte Mapora
590,Eucharis,caucana,NA,NA
591,Acineta,antioquiae,NA,NA
592,Acineta,moorei,NA,NA
593,Andinia,monilia,NA,NA
594,Anguloa,cliftonii,NA,NA
595,Anguloa,clowesii,NA,Cuna de Venus
596,Anguloa,dubia,NA,NA
597,Anguloa,eburnea,NA,NA
598,Anguloa,hohenlohii,NA,NA
599,Anguloa,virginalis,NA,Cuna de Venus
600,Byrsella,fragrans,NA,NA
601,Cattleya,dowiana,NA,NA
602,Cattleya,quadricolor,NA,NA
603,Cattleya,schroederae,NA,NA
604,Cattleya,trianae,NA,Flor de mayo | Catleya | Catleya blanca | Catleya de Triana | Flor de mayo | Flor de San Juan | Flor nacional | Lirio de mayo | Orquídea
605,Cattleya,warscewiczii,NA,Flor de San Juan | Flor de San Roque | Lirio
606,Comparettia,ignea,NA,NA
607,Coryanthes,toulemondiana,NA,NA
608,Coryanthes,vieirae,NA,NA
609,Coryanthes,villegasiana,NA,NA
610,Cycnoches,barthiorum,NA,NA
611,Cycnoches,brachydactylon,NA,NA
612,Cycnoches,herrenhusanum,NA,NA
613,Cyrtochilum,betancurii,NA,NA
614,Cyrtochilum,corniculatum,NA,NA
615,Cyrtochilum,englerianum,NA,NA
616,Cyrtochilum,exasperatum,NA,NA
617,Cyrtochilum,ioplocon,NA,NA
618,Cyrtochilum,ixioides,NA,NA
619,Cyrtochilum,leucopterum,NA,NA
620,Cyrtochilum,misasianum,NA,NA
621,Dracula,alcithoe,NA,NA
622,Dracula,amaliae,NA,NA
623,Dracula,andreettae,NA,NA
624,Dracula,aphrodes,NA,NA
625,Dracula,bella,NA,Banderita Linda
626,Dracula,bellerophon,NA,NA
627,Dracula,benedictii,NA,NA
628,Dracula,berthae,NA,NA
629,Dracula,carcinopsis,NA,NA
630,Dracula,chiroptera,NA,NA
631,Dracula,citrina,NA,NA
632,Dracula,cochliops,NA,NA
633,Dracula,cutis-bufonis,NA,Piel de sapo
634,Dracula,decussata,NA,NA
635,Dracula,diabola,NA,NA
636,Dracula,diana,NA,NA
637,Dracula,exasperata,NA,NA
638,Dracula,gigas,NA,NA
639,Dracula,gorgona,NA,NA
640,Dracula,gorgonella,NA,NA
641,Dracula,insolita,NA,NA
642,Dracula,lehmanniana,NA,NA
643,Dracula,lemurella,NA,NA
644,Dracula,levii,NA,NA
645,Dracula,ligiae,NA,NA
646,Dracula,minax,NA,NA
647,Dracula,nosferatu,NA,NA
648,Dracula,nycterina,NA,NA
649,Dracula,octavioi,NA,NA
650,Dracula,ophioceps,NA,NA
651,Dracula,orientalis,NA,NA
652,Dracula,ortiziana,NA,NA
653,Dracula,pholeodytes,NA,NA
654,Dracula,posadarum,NA,NA
655,Dracula,psittacina,NA,NA
656,Dracula,robledorum,NA,NA
657,Dracula,roezlii,NA,NA
658,Dracula,sergioi,NA,NA
659,Dracula,severa,NA,NA
660,Dracula,sibundoyensis,NA,NA
661,Dracula,syndactyla,NA,NA
662,Dracula,velutina,NA,NA
663,Dracula,verticulosa,NA,NA
664,Dracula,villegasii,NA,NA
665,Dracula,vinacea,NA,NA
666,Dracula,vlad-tepes,NA,NA
667,Elleanthus,cinnabarinus,NA,NA
668,Embreea,rodigasiana,NA,NA
669,Epidendrum,amayense,NA,NA
670,Epidendrum,ampelomelanoxeros,NA,NA
671,Epidendrum,cleefii,NA,NA
672,Epidendrum,decurviflorum,NA,NA
673,Epidendrum,fusagasugaense,NA,NA
674,Epidendrum,heliconaense,NA,NA
675,Epidendrum,magnibracteum,NA,NA
676,Epidendrum,ortizii,NA,NA
677,Epidendrum,pazii,NA,NA
678,Epidendrum,sisgaense,NA,NA
679,Epidendrum,uribei,NA,NA
680,Epidendrum,wolfii,NA,NA
681,Guarianthe,patinii,NA,NA
682,Houlletia,conspersa,NA,NA
683,Lepanthes,arbuscula,NA,NA
684,Lepanthes,cingens,NA,NA
685,Lepanthes,cuatrecasasii,NA,NA
686,Lepanthes,eros,NA,NA
687,Lepanthes,escobariana,NA,NA
688,Lepanthes,fibulifera,NA,NA
689,Lepanthes,ligiae,NA,NA
690,Lepanthes,oreibates,NA,NA
691,Lepanthes,osiris,NA,NA
692,Lepanthes,parmata,NA,NA
693,Lepanthes,pterygion,NA,NA
694,Lepanthes,quandi,NA,NA
695,Lepanthes,tibouchinicola,NA,NA
696,Lycaste,campbellii,NA,NA
697,Lycaste,macrobulbon,NA,NA
698,Lycaste,schilleriana,NA,NA
699,Lycaste,xytriophora,NA,NA
700,Lycomormium,schmidtii,NA,NA
701,Masdevallia,alismifolia,NA,NA
702,Masdevallia,angulifera,NA,NA
703,Masdevallia,anisomorpha,NA,NA
704,Masdevallia,apparitio,NA,NA
705,Masdevallia,arangoi,NA,NA
706,Masdevallia,buccinator,NA,NA
707,Masdevallia,cacodes,NA,NA
708,Masdevallia,caesia,NA,NA
709,Masdevallia,caudata,NA,Colibrí
710,Masdevallia,cerastes,NA,NA
711,Masdevallia,clandestina,NA,NA
712,Masdevallia,coccinea,NA,Banderita | San Juanito
713,Masdevallia,crescenticola,NA,NA
714,Masdevallia,discolor,NA,NA
715,Masdevallia,dryada,NA,NA
716,Masdevallia,elephanticeps,NA,NA
717,Masdevallia,encephala,NA,NA
718,Masdevallia,falcago,NA,NA
719,Masdevallia,fasciata,NA,NA
720,Masdevallia,foetens,NA,NA
721,Masdevallia,gilbertoi,NA,NA
722,Masdevallia,heteroptera,NA,NA
723,Masdevallia,hians,NA,NA
724,Masdevallia,hieroglyphica,NA,NA
725,Masdevallia,hortensis,NA,NA
726,Masdevallia,hylodes,NA,NA
727,Masdevallia,ignea,NA,NA
728,Masdevallia,indecora,NA,NA
729,Masdevallia,leontoglossa,NA,NA
730,Masdevallia,ludibunda,NA,NA
731,Masdevallia,macrura,NA,NA
732,Masdevallia,mandarina,NA,NA
733,Masdevallia,marthae,NA,NA
734,Masdevallia,mastodon,NA,NA
735,Masdevallia,medusa,NA,NA
736,Masdevallia,mejiana,NA,NA
737,Masdevallia,melanoxantha,NA,NA
738,Masdevallia,meleagris,NA,NA
739,Masdevallia,misasii,NA,NA
740,Masdevallia,mooreana,NA,NA
741,Masdevallia,mutica,NA,NA
742,Masdevallia,navicularis,NA,NA
743,Masdevallia,niesseniae,NA,NA
744,Masdevallia,nivea,NA,NA
745,Masdevallia,odontocera,NA,NA
746,Masdevallia,os-draconis,NA,NA
747,Masdevallia,oscarii,NA,NA
748,Masdevallia,pachyantha,NA,NA
749,Masdevallia,pachysepala,NA,NA
750,Masdevallia,pardina,NA,NA
751,Masdevallia,pastinata,NA,NA
752,Masdevallia,pescadoensis,NA,NA
753,Masdevallia,pteroglossa,NA,NA
754,Masdevallia,pterygiophora,NA,NA
755,Masdevallia,purpurella,NA,NA
756,Masdevallia,racemosa,NA,NA
757,Masdevallia,renzii,NA,NA
758,Masdevallia,rhinophora,NA,NA
759,Masdevallia,saltatrix,NA,NA
760,Masdevallia,sanctae-rosae,NA,NA
761,Masdevallia,schizantha,NA,NA
762,Masdevallia,schlimii,NA,NA
763,Masdevallia,schmidt-mummii,NA,NA
764,Masdevallia,scobina,NA,NA
765,Masdevallia,segurae,NA,NA
766,Masdevallia,sernae,NA,NA
767,Masdevallia,siphonantha,NA,NA
768,Masdevallia,stenorhynchos,NA,NA
769,Masdevallia,sumapazensis,NA,NA
770,Masdevallia,trochilus,NA,Colibrí
771,Masdevallia,urceolaris,NA,NA
772,Masdevallia,valenciae,NA,NA
773,Masdevallia,velella,NA,NA
774,Masdevallia,velifera,NA,NA
775,Masdevallia,ventricularia,NA,NA
776,Masdevallia,vieirana,NA,NA
777,Masdevallia,virgo-cuencae,NA,NA
778,Masdevallia,wuellneri,NA,NA
779,Masdevallia,xanthina,NA,NA
780,Masdevallia,zapatae,NA,NA
781,Miltoniopsis,phalaenopsis,NA,Santa Bárbara | Pensamiento de monte
782,Miltoniopsis,vexillaria,NA,Josefina | Orquídea pensamiento
783,Odontoglossum,aspidorhinum,NA,NA
784,Odontoglossum,blandum,NA,NA
785,Odontoglossum,crinitum,NA,NA
786,Odontoglossum,crocidipterum,NA,NA
787,Odontoglossum,gloriosum,NA,NA
788,Odontoglossum,harryanum,NA,NA
789,Odontoglossum,mirandum,NA,NA
790,Odontoglossum,naevium,NA,NA
791,Odontoglossum,nevadense,NA,NA
792,Odontoglossum,povedanum,NA,NA
793,Odontoglossum,praenitens,NA,NA
794,Odontoglossum,revolutum,NA,NA
795,Odontoglossum,rhynchanthum,NA,NA
796,Odontoglossum,subuligerum,NA,NA
797,Odontoglossum,tripudians,NA,NA
798,Odontoglossum,wallisii,NA,NA
799,Oncidium,alberti,NA,NA
800,Oncidium,alvarezii,NA,NA
801,Oncidium,auriculatum,NA,NA
802,Oncidium,cuculligerum,NA,NA
803,Oncidium,decorum,NA,NA
804,Oncidium,nevadense,NA,NA
805,Oncidium,nobile,NA,NA
806,Oncidium,panduratoides,NA,NA
807,Oncidium,povedanum,NA,NA
808,Otoglossum,arminii,NA,NA
809,Peristeria,cochlearis,NA,NA
810,Phragmipedium,schlimii,NA,NA
811,Pleurothallis,killipii,NA,NA
812,Pleurothallis,mundula,NA,NA
813,Polycycnis,lehmannii,NA,NA
814,Polycycnis,villegasiana,NA,NA
815,Pterichis,colombiana,NA,NA
816,Restrepia,aristulifera,NA,NA
817,Restrepia,aspasicensis,NA,NA
818,Restrepia,chameleon,NA,NA
819,Restrepia,chocoensis,NA,NA
820,Restrepia,chrysoglossa,NA,NA
821,Restrepia,cuprea,NA,NA
822,Restrepia,echinata,NA,NA
823,Restrepia,echo,NA,NA
824,Restrepia,escobariana,NA,NA
825,Restrepia,falkenbergii,NA,NA
826,Restrepia,limbata,NA,NA
827,Restrepia,metae,NA,NA
828,Restrepia,nittiorhyncha,NA,NA
829,Restrepia,pandurata,NA,NA
830,Restrepia,purpurea,NA,NA
831,Restrepia,sanguinea,NA,NA
832,Restrepia,seketii,NA,NA
833,Restrepia,tabeae,NA,NA
834,Restrepia,tsubotae,NA,NA
835,Sievekingia,colombiana,NA,NA
836,Sievekingia,filifera,NA,NA
837,Stanhopea,platyceras,NA,NA
838,Stanhopea,shuttleworthii,NA,NA
839,Stanhopea,tolimensis,NA,NA
840,Sigmatostalix,pandurata,NA,NA
841,Trevoria,chloris,NA,NA
842,Trigonochilum,bachmannii,NA,NA
843,Aechmea,andaquiensis,NA,NA
844,Aechmea,anomala,NA,NA
845,Aechmea,baudoensis,NA,NA
846,Aechmea,confertiflora,NA,NA
847,Aechmea,confusa,NA,NA
848,Aechmea,politii,NA,NA
849,Aechmea,romeroi,NA,NA
850,Aechmea,tessmannii,NA,NA
851,Aechmea,zebrina,NA,NA
852,Billbergia,ambigua,NA,NA
853,Billbergia,macrolepis,NA,NA
854,Billbergia,rupestris,NA,NA
855,Brewcaria,reflexa,NA,NA
856,Bromelia,fragilis,NA,NA
857,Bromelia,nidus-puellae,NA,NA
858,Bromelia,trianae,NA,NA
859,Greigia,aristeguietae,NA,NA
860,Greigia,columbiana,NA,NA
861,Greigia,mulfordii,NA,NA
862,Greigia,collina,NA,NA
863,Greigia,danielii,NA,NA
864,Greigia,nubigena,NA,NA
865,Greigia,ocellata,NA,NA
866,Guzmania,attenuata,NA,NA
867,Guzmania,bakeri,NA,NA
868,Guzmania,betancurii,NA,NA
869,Guzmania,breviscapa,NA,NA
870,Guzmania,cylindrica,NA,NA
871,Guzmania,delicatula,NA,NA
872,Guzmania,formosa,NA,NA
873,Guzmania,goudotiana,NA,NA
874,Guzmania,hitchcockiana,NA,NA
875,Guzmania,longipetala,NA,NA
876,Guzmania,pallida,NA,NA
877,Guzmania,palustris,NA,NA
878,Guzmania,polycephala,NA,NA
879,Guzmania,radiata,NA,NA
880,Guzmania,regalis,NA,NA
881,Guzmania,rugosa,NA,NA
882,Guzmania,wittmackii,NA,NA
883,Hohenbergia,andina,NA,NA
884,Mezobromelia,bicolor,NA,NA
885,Pepinia,alborubra,NA,NA
886,Pepinia,cuatrecasana,NA,NA
887,Pepinia,heliophila,NA,NA
888,Pepinia,juncoides,NA,NA
889,Pepinia,killipiana,NA,NA
890,Pepinia,pectinata,NA,NA
891,Pepinia,quesnelioides,NA,NA
892,Pitcairnia,altoatratoensis,NA,NA
893,Pitcairnia,alversonii,NA,NA
894,Pitcairnia,arenicola,NA,NA
895,Pitcairnia,barrigae,NA,NA
896,Pitcairnia,basincurva,NA,NA
897,Pitcairnia,delicata,NA,NA
898,Pitcairnia,dolichopetala,NA,NA
899,Pitcairnia,elongata,NA,NA
900,Pitcairnia,fluvialis,NA,NA
901,Pitcairnia,foreroi,NA,NA
902,Pitcairnia,fosteriana,NA,NA
903,Pitcairnia,grubbiana,NA,NA
904,Pitcairnia,guaritermae,NA,NA
905,Pitcairnia,huilensis,NA,NA
906,Pitcairnia,jaramilloi,NA,NA
907,Pitcairnia,johannis,NA,NA
908,Pitcairnia,kniphofioides,NA,NA
909,Pitcairnia,lindae,NA,NA
910,Pitcairnia,macrobotrys,NA,NA
911,Pitcairnia,occidentalis,NA,NA
912,Pitcairnia,palmoides,NA,NA
913,Pitcairnia,petraea,NA,NA
914,Pitcairnia,poortmanii,NA,NA
915,Pitcairnia,ramosii,NA,NA
916,Pitcairnia,rigida,NA,NA
917,Pitcairnia,schultzei,NA,NA
918,Pitcairnia,semaphora,NA,NA
919,Pitcairnia,stenophylla,NA,NA
920,Pitcairnia,sylvestris,NA,NA
921,Pitcairnia,tolimensis,NA,NA
922,Pitcairnia,trimorpha,NA,NA
923,Pitcairnia,woronowii,NA,NA
924,Puya,aristeguietae,NA,NA
925,Puya,barkleyana,NA,NA
926,Puya,boyacana,NA,NA
927,Puya,cleefii,NA,NA
928,Puya,cuatrecasasii,NA,NA
929,Puya,dichroa,NA,NA
930,Puya,exuta,NA,NA
931,Puya,furfuracea,NA,NA
932,Puya,gargantae,NA,NA
933,Puya,grantii,NA,NA
934,Puya,grubbii,NA,NA
935,Puya,killipii,NA,NA
936,Puya,lehmanniana,NA,NA
937,Puya,loca,NA,NA
938,Puya,ochroleuca,NA,NA
939,Puya,roldanii,NA,NA
940,Puya,sanctae-martae,NA,NA
941,Puya,santanderensis,NA,NA
942,Puya,thomasiana,NA,NA
943,Puya,venezuelana,NA,NA
944,Puya,vestita,NA,NA
945,Racinaea,sanctae-martae,NA,NA
946,Ronnbergia,nidularioides,NA,NA
947,Ronnbergia,subpetiolata,NA,NA
948,Ronnbergia,viridispica,NA,NA
949,Steyerbromelia,naquenensis,NA,NA
950,Tillandsia,acuminata,NA,NA
951,Tillandsia,brevior,NA,NA
952,Tillandsia,breviturneri,NA,NA
953,Tillandsia,chartacea,NA,NA
954,Tillandsia,cuatrecasasii,NA,NA
955,Tillandsia,engleriana,NA,NA
956,Tillandsia,excavata,NA,NA
957,Tillandsia,fassettii,NA,NA
958,Tillandsia,fusiformis,NA,NA
959,Tillandsia,pallescens,NA,NA
960,Tillandsia,racinae,NA,NA
961,Tillandsia,rariflora,NA,NA
962,Tillandsia,reversa,NA,NA
963,Tillandsia,romeroi,NA,NA
964,Tillandsia,schimperiana,NA,NA
965,Tillandsia,sigmoidea,NA,NA
966,Tillandsia,suescana,NA,NA
967,Vriesea,hodgei,NA,NA
968,Vriesea,ospinae,NA,NA
969,Werauhia,verrucosa,NA,NA
970,Aniba,novo-granatensis,NA,NA
971,Aniba,perutilis,NA,Comino
972,Aniba,rosaeodora,NA,Palo de Rosa
973,Caryodaphnopsis,cogolloi,NA,Yumbé
974,Licaria,cogolloi,NA,NA
975,Licaria,tenuifolia,NA,NA
976,Mespilodaphne,quixos,NA,Canelo de los Andaquíes
977,Ocotea,antioquiensis,NA,NA
978,Ocotea,cuatrecasasii,NA,NA
979,Ocotea,pedicellata,NA,NA
980,Ocotea,umbrina,NA,NA
981,Persea,chrysophylla,NA,Aguacatillo
982,Pleurothyrium,bracteatum,NA,NA
983,Rhodostemonodaphne,antioquensis,NA,Laurel
984,Rhodostemonodaphne,frontinensis,NA,NA
985,Rhodostemonodaphne,velutina,NA,NA
986,Williamodendron,quadrilocellatum,NA,NA
987,Siparuna,lozaniana,NA,Limoncillo
988,Annona,rufinervis,NA,Guanabana de monte
989,Duguetia,colombiana,NA,Guanabanito
990,Oxandra,oblongifolia,NA,NA
991,Pseudoxandra,sclerocarpa,NA,NA
992,Pseudoxandra,vallicola,NA,Cargadero
993,Unonopsis,megalophylla,NA,Garrapata
994,Magnolia,arcabucoana,NA,Magnolio de Arcabuco
995,Magnolia,argyrothricha,NA,Totumo
996,Magnolia,calimaensis,NA,Almanegra del Calima
997,Magnolia,calophylla,NA,Cucharillo de Barbacoas
998,Magnolia,cararensis,NA,Almanegra de Tamá
999,Magnolia,caricaefragrans,NA,Hojarasco Apiorruncho
1000,Magnolia,cespedesii,NA,Molinillo Cape
1001,Magnolia,chimantensis,NA,Magnolio de los Yariguíes
1002,Magnolia,chocoensis,NA,Copachí de Tatamá
1003,Magnolia,colombiana,NA,Almanegra de Los Guácharos
1004,Magnolia,coronata,NA,NA
1005,Magnolia,espinalii,NA,Hojarasco del Espinal
1006,Magnolia,georgii,NA,Cucharo de la cordillera Oriental
1007,Magnolia,gilbertoi,NA,Hojarasco de Gilberto
1008,Magnolia,guatapensis,NA,Almanegra de Guatapé
1009,Magnolia,henaoi,NA,Hojarasco de Henao
1010,Magnolia,hernandezii,NA,Molinillo del río Cauca
1011,Magnolia,jardinensis,NA,NA
1012,Magnolia,katiorum,NA,Almanegra de Urabá
1013,Magnolia,lenticellata,NA,Almanegra de Las Orquídeas
1014,Magnolia,mahechae,NA,Laurel Almanegra
1015,Magnolia,narinensis,NA,Cucharillo
1016,Magnolia,neomagnifolia,NA,Molinillo charambirá
1017,Magnolia,polyhypsophylla,NA,Almanegra de ventanas
1018,Magnolia,rimachii,NA,NA
1019,Magnolia,sambuensis,NA,Molinillo Guanábano
1020,Magnolia,santanderiana,NA,Magnolio de Santander
1021,Magnolia,silvioi,NA,Guanábano de Monte
1022,Magnolia,striatifolia,NA,Palo cucharillo
1023,Magnolia,urraoensis,NA,Almanegra de Urrao
1024,Magnolia,virolinensis,NA,Platero
1025,Magnolia,wolfii,NA,Hojarasco de Santa Rosa
1026,Magnolia,yarumalensis,NA,Almanegra de Yarumal
1027,Compsoneura,anoriensis,NA,Castaño de Anorí
1028,Iryanthera,megistocarpa,NA,Sota
1029,Otoba,acuminata,NA,Otobo
1030,Otoba,lehmannii,NA,Cuángare otobo
1031,Virola,dixonii,NA,Cuángare de Dixon
1032,Peperomia,andrei,NA,NA
1033,Peperomia,santanderana,NA,NA
1034,Piper,insignilaminum,NA,NA
1035,Piper,sabaletasanum,NA,NA
1036,Piper,subtomentosum,NA,NA
1037,Meliosma,antioquiensis,NA,NA
1038,Meliosma,caucana,NA,NA
1039,Meliosma,cundinamarcensis,NA,Baboso | Babillo | Calabazo
1040,Meliosma,glossophylla,NA,Granadillo
1041,Meliosma,lindae,NA,NA
1042,Berberis,carupensis,NA,NA
1043,Berberis,cuatrecasasii,NA,NA
1044,Berberis,meollacensis,NA,NA
1045,Berberis,sumapazana,NA,NA
1046,Berberis,tabiensis,NA,Uña de gato
1047,Berberis,uribei,NA,NA
1048,Capparidastrum,grandiflorum,NA,NA
1049,Vasconcellea,sphaerocarpa,NA,Papaya de monte | Higuillo negro | Papayo silvestre
1050,Monteverdia,corei,NA,NA
1051,Brownea,santanderensis,NA,Ariza
1052,Browneopsis,sanintiae,NA,NA
1053,Libidibia,ebano,NA,Ébano
1054,Chloroleucon,sempervivum,NA,Parasiempre
1055,Clathrotropis,brunnea,NA,Sapán
1056,Dipteryx,oleifera,NA,Choibá
1057,Klugiodendron,umbrianum,NA,NA
1058,Lonchocarpus,antioquiensis,NA,NA
1059,Lupinus,colombiensis,NA,NA
1060,Mimosa,trianae,NA,Yopo
1061,Mora,oleifera,NA,Nato
1062,Muellera,burkartii,NA,Macurutú
1063,Ormosia,cuatrecasasii,NA,Chochos
1064,Ormosia,revoluta,NA,NA
1065,Peltogyne,purpurea,NA,Nazareno
1066,Piptadenia,uliginosa,NA,NA
1067,Prioria,copaifera,NA,Cativo
1068,Pseudopiptadenia,colombiana,NA,NA
1069,Swartzia,amabale,NA,NA
1070,Swartzia,magdalenae,NA,Loto
1071,Swartzia,mucronifera,NA,NA
1072,Swartzia,radiale,NA,NA
1073,Zapoteca,microcephala,NA,NA
1074,Zygia,andaquiensis,NA,NA
1075,Zygia,codonocalyx,NA,NA
1076,Zygia,garcia-barrigae,NA,Carbonero
1077,Zygia,hernandezii,NA,Rayado
1078,Zygia,lehmannii,NA,Escobillo
1079,Zygia,multipunctata,NA,NA
1080,Acanthocladus,colombianus,NA,Manteco
1081,Colombobalanus,excelsa,NA,Roble Negro
1082,Quercus,humboldtii,NA,Roble
1083,Juglans,neotropica,NA,Nogal
1084,Perrottetia,calva,NA,Guayacán
1085,Perrottetia,colorata,NA,NA
1086,Perrottetia,guacharana,NA,NA
1087,Perrottetia,maxima,NA,NA
1088,Mayna,pubescens,NA,NA
1089,Mayna,suaveolens,NA,Madroñito
1090,Marila,geminata,NA,Estoraque
1091,Anthodiscus,montanus,NA,NA
1092,Caryocar,amygdaliferum,NA,Almendrón
1093,Cordillera,platycalyx,NA,Mapurito montañero
1094,Hirtella,enneandra,NA,NA
1095,Hirtella,leonotis,NA,NA
1096,Hirtella,magnifolia,NA,NA
1097,Hirtella,maguirei,NA,NA
1098,Hirtella,tubiflora,NA,NA
1099,Hirtella,vesiculosa,NA,NA
1100,Hymenopus,lasseri,NA,NA
1101,Hymenopus,minutiflorus,NA,Carbonero
1102,Leptobalanus,calvescens,NA,NA
1103,Leptobalanus,cuatrecasasii,NA,NA
1104,Leptobalanus,cuspidatus,NA,NA
1105,Licania,arborea,NA,Garcero | Cañagria | Tapaliso
1106,Licania,calvescens,NA,NA
1107,Licania,cuspidata,NA,NA
1108,Licania,durifolia,NA,NA
1109,Licania,espinae,NA,NA
1110,Licania,glauca,NA,NA
1111,Licania,pittieri,NA,NA
1112,Licania,platypus,NA,NA
1113,Licania,silvae,NA,NA
1114,Licania,sparsipilis,NA,NA
1115,Moquilea,cabrerae,NA,Caimito
1116,Moquilea,salicifolia,NA,NA
1117,Moquilea,velata,NA,NA
1118,Parinari,pachyphylla,NA,Perehuétano
1119,Parinari,parvifolia,NA,NA
1120,Parinari,romeroi,NA,Amburé
1121,Chrysochlamys,goudotii,NA,NA
1122,Clusia,caicedoi,NA,Mandul
1123,Clusia,caryophylloides,NA,NA
1124,Clusia,chusqueae,NA,NA
1125,Clusia,cundinamarcensis,NA,NA
1126,Clusia,diguensis,NA,NA
1127,Clusia,fistulosa,NA,NA
1128,Clusia,hachensis,NA,Copey
1129,Clusia,lehmannii,NA,NA
1130,Clusia,nervosa,NA,NA
1131,Clusia,polyandra,NA,NA
1132,Clusia,rubescens,NA,NA
1133,Clusia,tequendamae,NA,NA
1134,Clusia,volubilis,NA,Mate
1135,Garcinia,pulvinata,NA,NA
1136,Dichapetalum,donnell-smithii,NA,NA
1137,Dichapetalum,foreroi,NA,Vijo
1138,Dichapetalum,rugosum,NA,NA
1139,Stephanopodium,cuspidatum,NA,NA
1140,Stephanopodium,gentryi,NA,NA
1141,Tapura,bullata,NA,NA
1142,Tapura,colombiana,NA,Nacedero
1143,Erythroxylum,cassinoides,NA,NA
1144,Erythroxylum,plowmanianum,NA,Coca de monte
1145,Erythroxylum,riverae,NA,NA
1146,Acalypha,inaequilatera,NA,NA
1147,Conceveiba,santanderensis,NA,Casaco
1148,Croton,aristophlebius,NA,Guacamayo
1149,Croton,ater,NA,NA
1150,Croton,boavitanus,NA,NA
1151,Croton,cupreatus,NA,Candelero | Candelero real | Guacamayo | Danto | Mopo
1152,Croton,rufolepidotus,NA,NA
1153,Croton,sibundoyensis,NA,NA
1154,Hypericum,parallelum,NA,NA
1155,Hypericum,pimeleoides,NA,NA
1156,Humiriastrum,procerum,NA,Chanul
1157,Amorimia,concinna,NA,NA
1158,Bunchosia,anomala,NA,NA
1159,Passiflora,bracteosa,NA,Curuba de Santander
1160,Passiflora,bucaramangensis,NA,Pasiflora de Bucaramanga
1161,Passiflora,callistemma,NA,Pasiflora de Morales
1162,Passiflora,colombiana,NA,Curuba pastusa
1163,Passiflora,cremastantha,NA,Curuba de Coconuco
1164,Passiflora,crispolanata,NA,Curuba crespa
1165,Passiflora,dawei,NA,Pasiflora de Cundinamarca
1166,Passiflora,engleriana,NA,Pasiflora de Engler
1167,Passiflora,erythrophylla,NA,Pasiflora de hojitas rojas
1168,Passiflora,haughtii,NA,Pasiflora del Carare
1169,Passiflora,jardinensis,NA,Curuba de Jardín
1170,Passiflora,lindeniana,NA,Pasiflora de Linden
1171,Passiflora,linearistipula,NA,Curuba del Ruiz
1172,Passiflora,magdalenae,NA,Curuba del Magdalena
1173,Passiflora,magnifica,NA,Granadilla magnífica
1174,Passiflora,pamplonensis,NA,Curuba de Pamplona
1175,Passiflora,pennellii,NA,Pasiflora de Quetame
1176,Passiflora,semiciliosa,NA,Palcha
1177,Passiflora,sierrae,NA,Pasiflora de la Sierra
1178,Passiflora,tenerifensis,NA,Curuba de Tenerife
1179,Passiflora,trianae,NA,Curuba de Triana
1180,Passiflora,trisulca,NA,Gulupa paisa
1181,Passiflora,uribei,NA,Curuba de Uribe
1182,Ouratea,pyrifera,NA,NA
1183,Cassipourea,floribunda,NA,NA
1184,Neosprucea,sararensis,NA,NA
1185,Xylosma,obovata,NA,NA
1186,Rinorea,antioquiensis,NA,NA
1187,Rinorea,cordata,NA,NA
1188,Rinorea,hymenosepala,NA,NA
1189,Rinorea,marginata,NA,NA
1190,Ayenia,cuatrecasae,NA,NA
1191,Ayenia,klugii,NA,NA
1192,Bernoullia,uribeana,NA,Algodón de monte
1193,Cavanillesia,chicamochae,NA,Ceiba barrigona
1194,Ceiba,samauma,NA,Volador
1195,Gaya,mutisiana,NA,NA
1196,Herrania,umbratica,NA,Cacao de monte
1197,Huberodendron,patinoi,NA,Carrá
1198,Matisia,carderi,NA,Cabuyo
1199,Matisia,dowdingii,NA,Almirajó de monte
1200,Matisia,serpicostata,NA,NA
1201,Matisia,sulcata,NA,NA
1202,Melochia,colombiana,NA,NA
1203,Pachira,mutisiana,NA,Jaguito
1204,Pachira,pulchra,NA,Motoso
1205,Pachira,quinata,NA,Ceiba Toluá
1206,Phragmotheca,lemniscata,NA,NA
1207,Phragmotheca,mambitana,NA,Zapote de montaña
1208,Phragmotheca,rubriflora,NA,NA
1209,Quararibea,cacao,NA,Cacao simarron | Palo bastón
1210,Quararibea,foenigraeca,NA,Verraquillo
1211,Quararibea,rangelii,NA,Guamo rosado | Coco cristal
1212,Quararibea,ruiziana,NA,NA
1213,Spirotheca,mahechae,NA,Palosanto
1214,Daphnopsis,anomala,NA,Falso Mare
1215,Adelobotrys,antioquiensis,NA,NA
1216,Allomaieta,hirsuta,NA,NA
1217,Blakea,argentea,NA,NA
1218,Blakea,clusiifolia,NA,Macanillo
1219,Blakea,discolor,NA,NA
1220,Blakea,longipes,NA,NA
1221,Blakea,muricata,NA,NA
1222,Blakea,schultzei,NA,NA
1223,Blakea,squamigera,NA,NA
1224,Blakea,superba,NA,NA
1225,Chalybea,corymbifera,NA,NA
1226,Chalybea,kirkbridei,NA,NA
1227,Chalybea,macrocarpa,NA,NA
1228,Chalybea,mutisiana,NA,NA
1229,Chalybea,occidentalis,NA,NA
1230,Graffenrieda,maklenkensis,NA,NA
1231,Henriettea,maguirei,NA,NA
1232,Killipia,pedunculata,NA,NA
1233,Meriania,albertiae,NA,NA
1234,Meriania,antioquiensis,NA,NA
1235,Meriania,arizae,NA,NA
1236,Meriania,barbosae,NA,NA
1237,Meriania,colombiana,NA,Tuno rojo
1238,Meriania,mutabilis,NA,NA
1239,Meriania,pallida,NA,NA
1240,Meriania,umbellata,NA,NA
1241,Meriania,versicolor,NA,NA
1242,Miconia,acanthocoryne,NA,NA
1243,Miconia,annulata,NA,Tuno
1244,Miconia,antioquiensis,NA,NA
1245,Miconia,bella,NA,NA
1246,Miconia,blakeifolia,NA,NA
1247,Miconia,caucana,NA,NA
1248,Miconia,macrantha,NA,NA
1249,Miconia,majalis,NA,Flor de mayo
1250,Miconia,miocarpa,NA,Tuno
1251,Miconia,parvifolia,NA,NA
1252,Miconia,pastoensis,NA,NA
1253,Miconia,rava,NA,NA
1254,Miconia,reclinata,NA,Tunito
1255,Miconia,rigens,NA,NA
1256,Miconia,setosa,NA,NA
1257,Miconia,subsessilifolia,NA,Nigüito
1258,Miconia,voronovii,NA,Tuno
1259,Mouriri,colombiana,NA,NA
1260,Tibouchina,paleacea,NA,NA
1261,Eugenia,variareolata,NA,NA
1262,Myrcia,estoraquensis,NA,Guayabillo
1263,Myrcia,lozanoi,NA,Guayabo liso
1264,Myrcia,pseudobrunneica,NA,NA
1265,Vochysia,antioquiae,NA,NA
1266,Vochysia,artantha,NA,NA
1267,Vochysia,magna,NA,NA
1268,Vochysia,pacifica,NA,Sorogá
1269,Brunellia,amayensis,NA,NA
1270,Brunellia,boqueronensis,NA,Cedrillo
1271,Brunellia,latifolia,NA,NA
1272,Brunellia,macrophylla,NA,Aliso
1273,Brunellia,occidentalis,NA,Cedrillo de rastrojo
1274,Brunellia,pallida,NA,Maní
1275,Brunellia,racemifera,NA,Chiraco
1276,Brunellia,rufa,NA,NA
1277,Brunellia,stuebelii,NA,NA
1278,Brunellia,velutina,NA,NA
1279,Rourea,antioquensis,NA,NA
1280,Weinmannia,parvifoliolata,NA,NA
1281,Weinmannia,tolimensis,NA,Encenillo
1282,Sloanea,esmeraldana,NA,NA
1283,Sloanea,garcia-cossioi,NA,NA
1284,Sloanea,helianthoides,NA,NA
1285,Sloanea,huilaeana,NA,NA
1286,Sloanea,loquitoi,NA,NA
1287,Sloanea,pseudogranulosa,NA,NA
1288,Ficus,eliadis,NA,Copé | Matapalo
1289,Ficus,guatiquiae,NA,NA
1290,Ficus,tequendamae,NA,Tapás
1291,Karwinskia,colombiana,NA,NA
1292,Ampelocera,albertiae,NA,Costillo
1293,Cecropia,goudotiana,NA,Yarumo
1294,Cecropia,multisecta,NA,NA
1295,Coussapoa,tolimensis,NA,NA
1296,Mauria,cuatrecasasii,NA,Palo Hernández
1297,Mauria,obtusifolia,NA,Tatacuá
1298,Dacryodes,colombiana,NA,Anime blanco
1299,Dacryodes,hydriflora,NA,NA
1300,Cedrela,odorata,NA,Cedro
1301,Ruagea,smithii,NA,Fresno
1302,Swietenia,macrophylla,NA,Caoba
1303,Trichilia,carinata,NA,NA
1304,Trichilia,oligofoliolata,NA,NA
1305,Zanthoxylum,gentryi,NA,NA
1306,Cupania,semiglabra,NA,NA
1307,Melicoccus,antioquensis,NA,Mamoncillo silvestre
1308,Paullinia,globosa,NA,NA
1309,Talisia,stricta,NA,Matapuerco
1310,Bulnesia,arborea,NA,Guayacán | Guayacán de bola | Guayacán garrapo
1311,Guaiacum,officinale,NA,Guayacán | Guayacán de playa | Guayacán extranjero | Guayacán negro | Guayaco | Palosanto | Florazul
1312,Hedyosmum,steinii,NA,NA
1313,Acropora,cervicornis,NA,Coral cuerno de ciervo
1314,Acropora,palmata,NA,Coral cuernos de alce
1315,Dendrogyra,cylindrus,NA,Coral Pilar
1316,Mussa,angulosa,NA,NA
1317,Gorgonia,ventalina,NA,Abanico de mar
1318,Pacifigorgia,cairnsi,NA,Abanico de mar
1319,Pacifigorgia,irene,NA,Abanico de mar
1320,Muricea,austera,NA,Candelabro de mar
1321,Muricea,crassa,NA,Candelabro de mar
1322,Megaphobema,robustum,NA,Tarántula gigante de patas rojas
1323,Pamphobeteus,ferox,NA,Taránula feroz
1324,Pamphobeteus,fortis,NA,Tarántula de piedemonte
1325,Xenesthis,immanis,NA,Tarántula mutualista
1326,Surazomus,sturmi,NA,Escorpion de cola corta sabanero
1327,Chactas,oxfordi,NA,Escorpión de pinzas gordas de la Sierra Nevada de Santa Marta
1328,Tityus,columbianus,NA,Escorpión de cola gorda de la Cordillera Oriental
1329,Tityus,engelkei,NA,Escorpión de cola gorda de la Sierra Nevada de Santa Marta
1330,Carpilius,corallinus,NA,Cangrejo de coral | Cangrejo reina | Cangrejo moro
1331,Cardisoma,guanhumi,NA,Cangrejo azul de tierra | Cangrejo bandolero | Cangrejo de tierra petirrojo | Cangrejo pasiao | Pollo de tierra | Cangrejo azul manglero
1332,Gecarcinus,lateralis,NA,Cangrejo rojo
1333,Gecarcinus,ruricola,NA,Cangrejo Negro | Cangrejo Zombie | Cangrejo Rural | Black Land Crab | Black Crab | Malata
1334,Emerita,portoricensis,NA,Cangrejo de arena
1335,Hippa,testudinaria,NA,Cangrejo de arena
1336,Maguimithrax,spinosissimus,NA,Cangrejo rey del caribe
1337,Panulirus,argus,NA,Langosta espinosa | Spiny lobster
1338,Penaeus,occidentalis,NA,Camarón blanco del Pacífico | Camarón langostino
1339,Penaeus,schmitti,NA,Camarón blanco | Langostino
1340,Callinectes,sapidus,NA,Jaiba azul
1341,Callinectes,bocourti,NA,Jaiba roja
1342,Chaceus,curumanensis,NA,NA
1343,Chaceus,ibiricensis,NA,NA
1344,Hypolobocera,andagoensis,NA,NA
1345,Hypolobocera,buenaventurensis,NA,NA
1346,Hypolobocera,cajambrensis,NA,NA
1347,Hypolobocera,emberarum,NA,NA
1348,Hypolobocera,rotundilobata,NA,NA
1349,Lindacatalina,sinuensis,NA,NA
1350,Lindacatalina,sumacensis,NA,NA
1351,Neostrengeria,alexae,NA,NA
1352,Neostrengeria,lemaitrei,NA,NA
1353,Neostrengeria,libradensis,NA,NA
1354,Neostrengeria,macarenae,NA,NA
1355,Neostrengeria,macropa,NA,Cangrejo sabanero
1356,Neostrengeria,natashae,NA,NA
1357,Neostrengeria,sketi,NA,NA
1358,Phallangothelphusa,juansei,NA,NA
1359,Strengeriana,antioquensis,NA,NA
1360,Strengeriana,casallasi,NA,NA
1361,Strengeriana,flagellata,NA,NA
1362,Strengeriana,foresti,NA,NA
1363,Strengeriana,huilensis,NA,NA
1364,Strengeriana,villaensis,NA,NA
1365,Bottiella,cucutensis,NA,NA
1366,Bottiella,medemi,NA,NA
1367,Bottiella,niceforei,NA,NA
1368,Macrodontia,cervicornis,NA,Escarabajo Longicornio de Grandes mandíbulas
1369,Titanus,giganteus,NA,Escarabajo Longicornio Gigante
1370,Proculus,opacus,NA,Escarabajo Unicornio de la madera muerta
1371,Dynastes,neptunus,NA,Escarabajo Rinoceronte Andino
1372,Megasoma,mars,NA,Escarabajo Elefante Amazónico
1373,Aglae,caerulea,NA,Abejita amazónica
1374,Eufriesea,auripes,NA,Abejita estacional amazónica
1375,Eufriesea,chrysopyga,NA,Abejita de la Sierra Nevada
1376,Eufriesea,dressleri,NA,Abejita verde de la Macarena
1377,Eufriesea,lucida,NA,Abejita del Anchicayá
1378,Eufriesea,lucifera,NA,Abejita del Pacífico
1379,Exaerete,dentata,NA,Abeja esmeralda
1380,Exaerete,frontalis,NA,Abejita verde del Llano
1381,Exaerete,smaragdina,NA,NA
1382,Melipona,eburnea,NA,Abeja real
1383,Melipona,favosa,NA,Abeja rabipintada
1384,Cephalotes,palta,NA,Hormiga cabezona de la Sierra
1385,Cephalotes,patei,NA,Hormiga cabezona de las Orquídeas
1386,Editha,magnifica,NA,Avispa cavadora
1387,Charterginus,zavattari,NA,Avispita del Pacífico
1388,Montezumia,colombiana,NA,Avispa colombiana
1389,Zethus,neotomitus,NA,Avispa llanera
1390,Zethus,restrepoicus,NA,Avispa llanera de Restrepo
1391,Zethus,satanicus,NA,Avispa valluna
1392,Arhuaco,ica,NA,Mariposa de los arhuacos
1393,Lymanopoda,caeruleata,NA,Limanopoda azul de la Sierra Nevada
1394,Lymanopoda,paramera,NA,Limanopoda blanca de la Serranía de Valledupar
1395,Morpho,rhodopteron,NA,Morfo anacarada de la Sierra Nevada
1396,Prepona,praeneste,NA,Prepona roja de montaña
1397,Prepona,werneri,NA,Prepona azul del Chocó
1398,Pterourus,euterpinus,NA,Papilio bandirojo de montaña
1399,Copaxa,apollinairei,NA,Polilla de Apolinar
1400,Syssphinx,chocoensis,NA,Polilla del Chocó
1401,Anadara,tuberculosa,NA,Piangua | Piangua hembra (Colombia) | Concha negra (Perú) | Pata de mula (México) | Arca
1402,Larkinia,grandis,NA,Sangara | Pata de mula (Colombia) | Pata de burro (Perú) | Pata de buey (México) | Arca casco de burro
1403,Anomalocardia,flexuosa,NA,Chipi-chipi
1404,Polymesoda,arctata,NA,Guacuco de marjal esbelto | Almeja
1405,Cittarium,pica,NA,Burgao | Cigua | Burgao antillano | Wilks
1406,Muracypraea,mus,NA,Caracol porcelana (Venezuela)
1407,Aliger,gigas,NA,Caracol de pala (Colombia) | Botuto (Venezuela) | Guarura (Venezuela) | Caracol reina (México) | Caracol rosado (México) | Concha reina (Cuba) | Cobo (Cuba) | Carcó (Aruba)
1408,Anachis,coseli,NA,NA
1409,Acostaea,rivolii,NA,Ostra del río Magdalena
1410,Diplodontites,olssoni,NA,Almeja del río Sinú
1411,Holothuria,mexicana,NA,Pepino de mar | Molongo
1412,Isostichopus,badionotus,NA,Pepino de mar | Molongo café
1413,Ophiothrix,synoecina,NA,Estrella quebradiza
1414,Ginglymostoma,cirratum,NA,Pejebobo | Tiburón gato | Nodriza
1415,Alopias,pelagicus,NA,Tiburón Zorro
1416,Carcharhinus,falciformis,NA,Tiburón Sedoso
1417,Carcharhinus,limbatus,NA,Tollo aletinegro | Tiburón macuira
1418,Carcharhinus,longimanus,NA,Tiburón Punta Blanca Oceánico
1419,Sphyrna,lewini,NA,Cachuda
1420,Sphyrna,mokarran,NA,Cornuda Gigante
1421,Mustelus,henlei,NA,Tollo Vieja
1422,Mustelus,lunulatus,NA,Tollo Vieja
1423,Mustelus,minicanis,NA,Tiburón Mamón Enano
1424,Diplobatis,colombiensis,NA,Raya Eléctrica Colombiana
1425,Diplobatis,guamachensis,NA,Raya Torpedo Redondo
1426,Pristis,pectinata,NA,Pez Sierra- Pez peine | Pejepeine | Guacapá
1427,Pristis,pristis,NA,Pez Sierra
1428,Pseudobatos,leucorhynchus,NA,Raya Guitarra
1429,Hypanus,longus,NA,Raya Látigo
1430,Paratrygon,aiereba,NA,Raya manta
1431,Potamotrygon,motoro,NA,Raya | Raya motoro
1432,Potamotrygon,schroederi,NA,Guacamaya
1433,Potamotrygon,yepezi,NA,Raya | Raya de río
1434,Megalops,atlanticus,NA,Sábalo | Tarpón
1435,Arapaima,gigas,NA,Paiche | Pirarucú
1436,Osteoglossum,bicirrhosum,NA,Arawuana | Arahuana | Aroana
1437,Osteoglossum,ferreirai,NA,Arawuana azul | Arawana | Aroana
1438,Abramites,eques,NA,Totumito | Abramite | Bonito | Viejo
1439,Leporinus,muyscorum,NA,Comelón | Mohino | Liso | Cuatrojos | Dientón | Cuatro ojos | Monelodo | Mamaburra | Liseta
1440,Brycon,labiatus,NA,Sabaleta de piedra
1441,Brycon,moorei,NA,Dorada | Mueluda | Sardinata | Lisa
1442,Cynopotamus,atratoensis,NA,Cachana
1443,Genycharax,tarpon,NA,Boquiancha | Boquifarol
1444,Salminus,affinis,NA,Picuda | Picuda de río | Rubia | Salmón | Dorada | Rubio | Rayada
1445,Characidium,phoxocephalum,NA,Rollizo | Rollicito
1446,Curimata,mivartii,NA,Vizcaína | Cachaca | Sardina | Viscaíno
1447,Pseudocurimata,patiae,NA,Nayo
1448,Parodon,caliensis,NA,Rollizo
1449,Ichthyoelephas,longirostris,NA,Jetudo | Pataló | Pataló hocicón | Besote | Jetón
1450,Prochilodus,magdalenae,NA,Bocachico | Pescado | Chico de boca
1451,Prochilodus,reticulatus,NA,Bocachico
1452,Mylossoma,acanthogaster,NA,Pámpano
1453,Ariopsis,canteri,NA,Chivo Cabezón
1454,Cathorops,mapale,NA,Chivo Mapalé
1455,Sciades,proops,NA,Bagre | chivo mozo
1456,Ageneiosus,pardalis,NA,Doncella | Niña | Gata | Fría | Señorita | Barbul | Rollera
1457,Callichthys,fabricioi,NA,Roño
1458,Doraops,zuloagai,NA,Mariana
1459,Rhinodoras,thomersoni,NA,Mariano
1460,Pimelodella,macrocephala,NA,Micudo | Chiribí | Chirirí | Chirrirí | Picudo | Picalón | Picaló
1461,Panaque,cochliodon,NA,Corroncho | Coroncoro | Casasola | Guacarote | Cucha real | Chipe | Corroncorro | Roncho | Barbón
1462,Brachyplatystoma,filamentosum,NA,Valentón | Plumita | Lechero
1463,Brachyplatystoma,juruense,NA,Apuy | Manta negra | Camisa rayada | Siete babas | Rayado | Camiseta | Camiseto | Flamengo
1464,Brachyplatystoma,platynemum,NA,Baboso | Flemoso | Saliboro | Garbanzo | Jipi | Hipe
1465,Brachyplatystoma,rousseauxii,NA,Dorado | Plateado
1466,Brachyplatystoma,vaillantii,NA,Blanco pobre | Capaz | Pujón | Pirabutón | Piramutaba
1467,Pimelodus,coprophagus,NA,Mierderito | Bagre | Rampuche
1468,Pimelodus,grosskopfii,NA,Capaz | Barbudo | Barbule | Barbul negro | Barbudo cañero
1469,Platysilurus,malarmo,NA,Malarmo
1470,Pseudoplatystoma,magdaleniatum,NA,Bagre rayado | Bagre | Pintadillo
1471,Pseudoplatystoma,metaense,NA,Bagre rayado | Bagre rayao | Cabezón
1472,Pseudoplatystoma,orinocoense,NA,Bagre rayado | Bagre rayao | Cabezón
1473,Pseudoplatystoma,punctifer,NA,Pintadillo rayado | Bagre rayado
1474,Pseudoplatystoma,tigrinum,NA,Pintadillo tigre | Bagre rayado
1475,Sorubim,cuspicaudus,NA,Bagre blanco | Blanquillo | Paletón | Gallego | Cucharo | Antioqueño
1476,Zungaro,zungaro,NA,Amarillo | Toro | Toruno | Tijereta | Pacamú | Pejenegro | Chontaduro | Bagresapo
1477,Cruciglanis,pacifici,NA,Capitán
1478,Eremophilus,mutisii,NA,Capitán de la Sabana | Chimbe | Guamuhyca | Capitán rey
1479,Trichomycterus,cachiraensis,NA,Laucha
1480,Trichomycterus,donascimientoi,NA,Bagrecito cavernicola | Laucha
1481,Trichomycterus,gorgona,NA,Laucha
1482,Trichomycterus,rosablanca,NA,Bagrecito cavernicola | Laucha
1483,Trichomycterus,sandovali,NA,Bagrecito cavernicola | Laucha
1484,Trichomycterus,santanderensis,NA,Bagrecito cavernicola | Laucha
1485,Trichomycterus,sketi,NA,Bagrecito cavernicola | Laucha
1486,Trichomycterus,uisae,NA,Bagrecito cavernicola | Laucha
1487,Apteronotus,magdalenensis,NA,Perrita | Caballo | El original perro
1488,Gymnotus,henni,NA,Beringo | Culebra | Mayupa
1489,Batrachoides,manglae,NA,Guasa lagunar | sapo lagunero
1490,Gambusia,nicaraguensis,NA,Pipón de san Andrés
1491,Gambusia,lemaitrei,NA,Pipón de Totumo
1492,Austrofundulus,guajira,NA,Pez anual de la Guajira
1493,Hippocampus,erectus,NA,Caballito Estriado
1494,Hippocampus,ingens,NA,Caballito de Mar del Pacífico
1495,Hippocampus,reidi,NA,Caballito de Mar Hocico Largo
1496,Joturus,pichardi,NA,Bobo | Joturo
1497,Mugil,incilis,NA,Lisa Rayada
1498,Mugil,liza,NA,Lebranche
1499,Caranx,hippos,NA,Jurel Aleta Amarilla
1500,Centropomus,undecimalis,NA,Róbalo blanco | Róbalo carita larga | Róbalo comun
1501,Acanthemblemaria,stephensi,NA,Trambollín-cirripedio Capetón
1502,Pterophyllum,altum,NA,Escalar | Escalar altum
1503,Eugerres,plumieri,NA,Mojarra rayada
1504,Tigrigobius,nesiotes,NA,Gobio Bandeado
1505,Anisotremus,moricandi,NA,Burrito rayado
1506,Makaira,nigricans,NA,Marlín Azul
1507,Halichoeres,malpelo,NA,Señorita Verde-Azul
1508,Lachnolaimus,maximus,NA,Pargo pluma
1509,Lutjanus,analis,NA,Pargo Palmero
1510,Lutjanus,cyanopterus,NA,Pargo dientón | Pargo cubera | Pargo tabardillo
1511,Stegastes,beebei,NA,Castañeta Coliblanca del Sur
1512,Scarus,coelestinus,NA,Loro negro
1513,Scarus,coeruleus,NA,Guacamaya azul
1514,Scarus,guacamaia,NA,Guacamaia
1515,Cynoscion,phoxocephalus,NA,Pelada
1516,Thunnus,obesus,NA,Atún Ojo Grande
1517,Epinephelus,cifuentesi,NA,Cherna Verde
1518,Epinephelus,itajara,NA,Mero guasa
1519,Epinephelus,striatus,NA,Cherna | Mero criollo
1520,Mycteroperca,bonaci,NA,Cherna Negra
1521,Mycteroperca,cidi,NA,Cherna blanca
1522,Mycteroperca,olfax,NA,Mero Bacalao
1523,Mycteroperca,venenosa,NA,Cherna
1524,Axoclinus,rubinoffi,NA,Tres Aletas Ojo Negro
1525,Lepidonectes,bimaculatus,NA,Triple Aleta Candela
1526,Balistes,vetula,NA,Pejepuerco | Cachuo | Cachua
1527,Bolitoglossa,capitana,NA,Salamandra de Albán
1528,Bolitoglossa,guaneae,NA,Salamandra
1529,Bolitoglossa,hiemalis,NA,Salamandra
1530,Bolitoglossa,hypacra,NA,Salamandra
1531,Bolitoglossa,leandrae,NA,Salamandra
1532,Bolitoglossa,pandi,NA,Salamandra de Pandi
1533,Bolitoglossa,tamaense,NA,Salamandra
1534,Bolitoglossa,tatamae,NA,Salamandra
1535,Bolitoglossa,yariguiensis,NA,Salamandra
1536,Hyloxalus,cepedai,NA,NA
1537,Allobates,ignotus,NA,NA
1538,Allobates,juanii,NA,NA
1539,Hyloxalus,picachos,NA,NA
1540,Allobates,ranoides,NA,Rana saltona de Villavicencio
1541,Atelopus,angelito,NA,Rana arlequín
1542,Atelopus,ardila,NA,Rana arlequín
1543,Atelopus,arsyecue,NA,Rana arlequín
1544,Atelopus,carrikeri,NA,Rana arlequín
1545,Atelopus,chocoensis,NA,Rana arlequín
1546,Atelopus,ebenoides,NA,Rana arlequín
1547,Atelopus,elegans,NA,Rana arlequín
1548,Atelopus,eusebianus,NA,Rana arlequín
1549,Atelopus,famelicus,NA,Rana arlequín
1550,Atelopus,farci,NA,Rana arlequín
1551,Atelopus,gigas,NA,Rana arlequín
1552,Atelopus,glyphus,NA,Rana arlequín
1553,Atelopus,laetissimus,NA,Rana arlequín
1554,Atelopus,longibrachius,NA,Rana arlequín
1555,Atelopus,lozanoi,NA,Rana arlequín
1556,Atelopus,marinkellei,NA,Rana arlequín
1557,Atelopus,minutulus,NA,Rana arlequín
1558,Atelopus,mittermeieri,NA,Rana arlequín
1559,Atelopus,monohernandezii,NA,Rana arlequín
1560,Atelopus,muisca,NA,Rana arlequín
1561,Atelopus,nahumae,NA,Rana arlequín
1562,Atelopus,nicefori,NA,Rana arlequín
1563,Atelopus,nocturnus,NA,Rana arlequín
1564,Atelopus,pastuso,NA,Rana arlequín
1565,Atelopus,pedimarmoratus,NA,Rana arlequín
1566,Atelopus,petriruizi,NA,Rana arlequín
1567,Atelopus,pictiventris,NA,Rana arlequín
1568,Atelopus,quimbaya,NA,Rana arlequín
1569,Atelopus,sanjosei,NA,Rana arlequín
1570,Atelopus,sernai,NA,Rana arlequín
1571,Atelopus,simulatus,NA,Rana arlequín
1572,Atelopus,sonsonensis,NA,Rana arlequín
1573,Atelopus,subornatus,NA,Rana arlequín
1574,Osornophryne,percrassa,NA,NA
1575,Osornophryne,talipes,NA,NA
1576,Rhaebo,andinophrynoides,NA,NA
1577,Rhaebo,atelopoides,NA,NA
1578,Rhaebo,blombergi,NA,NA
1579,Rhaebo,colomai,NA,NA
1580,Rhinella,acrolopha,NA,NA
1581,Rhinella,cristinae,NA,NA
1582,Rhinella,lindae,NA,NA
1583,Rhinella,macrorhina,NA,NA
1584,Rhinella,nicefori,NA,NA
1585,Rhinella,rostrata,NA,NA
1586,Rhinella,ruizi,NA,NA
1587,Rhinella,tenrec,NA,NA
1588,Centrolene,sanchezi,NA,Rana de cristal
1589,Centrolene,ballux,NA,Rana de cristal gigante de Burrowes
1590,Centrolene,geckoidea,NA,Rana de cristal gigante del pacífico
1591,Centrolene,heloderma,NA,Rana de cristal
1592,Centrolene,huilense,NA,Rana de cristal del Huila
1593,Centrolene,medemi,NA,Rana de cristal de Medem
1594,Centrolene,petrophilum,NA,Rana de cristal gigante de Boyacá
1595,Centrolene,quindianum,NA,Rana de cristal
1596,Centrolene,lynchi,NA,Rana de cristal de Lynch
1597,Centrolene,solitaria,NA,Rana de cristal
1598,Nymphargus,balionotus,NA,Rana de cristal de Mindo
1599,Cochranella,litoralis,NA,Rana de cristal
1600,Nymphargus,megistus,NA,Rana de cristal
1601,Cochranella,xanthocheridia,NA,Rana de cristal
1602,Hyalinobatrachium,esmeralda,NA,Rana de cristal
1603,Ikakogi,tayrona,NA,Rana de cristal gigante del Magdalena
1604,Nymphargus,armatus,NA,Rana de cristal
1605,Nymphargus,caucanus,NA,Rana de cristal
1606,Nymphargus,cristinae,NA,Rana de cristal
1607,Nymphargus,garciae,NA,Rana de cristal
1608,Nymphargus,luminosus,NA,Rana de cristal
1609,Nymphargus,luteopunctatus,NA,Rana de cristal
1610,Nymphargus,megacheirus,NA,Rana de cristal de Santa Rosa
1611,Nymphargus,prasinus,NA,Rana de cristal del Rio Calima
1612,Nymphargus,rosada,NA,Rana de cristal
1613,Nymphargus,ruizi,NA,Rana de cristal de Ruiz
1614,Rulyrana,adiazeta,NA,Rana de cristal
1615,Sachatamia,electrops,NA,Rana de cristal
1616,Sachatamia,punctulata,NA,Rana de cristal
1617,Atopophrynus,syntomopus,NA,Rana de pies pequeños
1618,Geobatrachus,walkeri,NA,NA
1619,Niceforonia,adenobrachia,NA,NA
1620,Niceforonia,brunnea,NA,NA
1621,Niceforonia,dolops,NA,NA
1622,Niceforonia,latens,NA,NA
1623,Niceforonia,nana,NA,NA
1624,Pristimantis,actinolaimus,NA,NA
1625,Pristimantis,acutirostris,NA,NA
1626,Pristimantis,aemulatus,NA,NA
1627,Pristimantis,affinis,NA,NA
1628,Pristimantis,alalocophus,NA,NA
1629,Pristimantis,albericoi,NA,NA
1630,Pristimantis,angustilineatus,NA,NA
1631,Pristimantis,anolirex,NA,NA
1632,Pristimantis,apiculatus,NA,NA
1633,Pristimantis,aurantiguttatus,NA,NA
1634,Pristimantis,bacchus,NA,NA
1635,Pristimantis,batrachites,NA,NA
1636,Pristimantis,bellona,NA,NA
1637,Pristimantis,bernali,NA,NA
1638,Pristimantis,bicolor,NA,NA
1639,Pristimantis,cacao,NA,NA
1640,Pristimantis,calcaratus,NA,NA
1641,Pristimantis,capitonis,NA,NA
1642,Pristimantis,caprifer,NA,NA
1643,Pristimantis,carlossanchezi,NA,NA
1644,Pristimantis,carmelitae,NA,NA
1645,Pristimantis,carranguerorum,NA,Rana de lluvia carranguera
1646,Pristimantis,celator,NA,NA
1647,Pristimantis,chrysops,NA,NA
1648,Pristimantis,colomai,NA,NA
1649,Pristimantis,colonensis,NA,NA
1650,Pristimantis,corniger,NA,NA
1651,Pristimantis,cristinae,NA,NA
1652,Pristimantis,cuentasi,NA,NA
1653,Pristimantis,degener,NA,NA
1654,Pristimantis,deinops,NA,NA
1655,Pristimantis,delicatus,NA,NA
1656,Pristimantis,diaphonus,NA,NA
1657,Pristimantis,diogenes,NA,NA
1658,Pristimantis,dorado,NA,NA
1659,Pristimantis,dorsopictus,NA,NA
1660,Pristimantis,duellmani,NA,NA
1661,Pristimantis,duende,NA,NA
1662,Pristimantis,elegans,NA,NA
1663,Pristimantis,eremitus,NA,Rana cutín de Chiriboga
1664,Pristimantis,eriphus,NA,NA
1665,Pristimantis,fallax,NA,Rana de garganta manchada
1666,Pristimantis,gladiator,NA,NA
1667,Pristimantis,gracilis,NA,NA
1668,Pristimantis,grandiceps,NA,NA
1669,Pristimantis,hectus,NA,NA
1670,Pristimantis,helvolus,NA,NA
1671,Pristimantis,hernandezi,NA,NA
1672,Pristimantis,hybotragus,NA,NA
1673,Pristimantis,jaimei,NA,NA
1674,Pristimantis,johannesdei,NA,NA
1675,Pristimantis,jorgevelosai,NA,NA
1676,Pristimantis,juanchoi,NA,Rana duende juancho
1677,Pristimantis,kelephus,NA,NA
1678,Pristimantis,lasalleorum,NA,NA
1679,Pristimantis,laticlavius,NA,NA
1680,Pristimantis,lemur,NA,NA
1681,Pristimantis,leopardus,NA,NA
1682,Pristimantis,leucopus,NA,NA
1683,Pristimantis,lichenoides,NA,NA
1684,Pristimantis,loustes,NA,NA
1685,Pristimantis,lutitus,NA,NA
1686,Pristimantis,maculosus,NA,NA
1687,Pristimantis,mars,NA,NA
1688,Pristimantis,merostictus,NA,NA
1689,Pristimantis,mnionaetes,NA,NA
1690,Pristimantis,molybrignus,NA,NA
1691,Pristimantis,myops,NA,NA
1692,Pristimantis,ocellatus,NA,NA
1693,Pristimantis,parectatus,NA,NA
1694,Pristimantis,phalarus,NA,NA
1695,Pristimantis,phragmipleuron,NA,NA
1696,Pristimantis,platychilus,NA,NA
1697,Pristimantis,polemistes,NA,NA
1698,Pristimantis,polychrus,NA,NA
1699,Pristimantis,ptochus,NA,NA
1700,Pristimantis,pugnax,NA,NA
1701,Pristimantis,quantus,NA,NA
1702,Pristimantis,quinquagesimus,NA,NA
1703,Pristimantis,racemus,NA,NA
1704,Pristimantis,reclusas,NA,NA
1705,Pristimantis,renjiforum,NA,NA
1706,Pristimantis,repens,NA,NA
1707,Pristimantis,rivasi,NA,NA
1708,Pristimantis,rosadoi,NA,NA
1709,Pristimantis,ruedai,NA,NA
1710,Pristimantis,ruthveni,NA,NA
1711,Pristimantis,satagius,NA,NA
1712,Pristimantis,scoloblepharus,NA,NA
1713,Pristimantis,scolodiscus,NA,NA
1714,Pristimantis,signifer,NA,NA
1715,Pristimantis,silverstonei,NA,NA
1716,Pristimantis,simoteriscus,NA,NA
1717,Pristimantis,siopelus,NA,NA
1718,Pristimantis,spilogaster,NA,NA
1719,Pristimantis,suetus,NA,NA
1720,Pristimantis,sulculus,NA,NA
1721,Pristimantis,supernatis,NA,NA
1722,Pristimantis,susaguae,NA,NA
1723,Pristimantis,tamsitti,NA,NA
1724,Pristimantis,torrenticola,NA,NA
1725,Pristimantis,tribulosus,NA,NA
1726,Pristimantis,uisae,NA,NA
1727,Pristimantis,veletis,NA,NA
1728,Pristimantis,viridicans,NA,NA
1729,Pristimantis,viridis,NA,NA
1730,Pristimantis,xeniolum,NA,NA
1731,Pristimantis,xestus,NA,NA
1732,Pristimantis,xylochobates,NA,NA
1733,Pristimantis,zoilae,NA,NA
1734,Strabomantis,anatipes,NA,NA
1735,Strabomantis,bufoniformis,NA,NA
1736,Strabomantis,cadenai,NA,NA
1737,Strabomantis,cheiroplethus,NA,NA
1738,Strabomantis,cornutus,NA,NA
1739,Strabomantis,ingeri,NA,NA
1740,Strabomantis,necerus,NA,NA
1741,Strabomantis,necopinus,NA,NA
1742,Strabomantis,ruizi,NA,NA
1743,Tachiramantis,douglasi,NA,NA
1744,Tachiramantis,lentiginosus,NA,NA
1745,Andinobates,bombetes,NA,Rana rubí o ranita venenosa del Valle del Cauca
1746,Andinobates,cassidyhornae,NA,NA
1747,Andinobates,daleswansoni,NA,NA
1748,Andinobates,dorisswansonae,NA,NA
1749,Andinobates,opisthomelas,NA,NA
1750,Andinobates,tolimense,NA,NA
1751,Andinobates,victimatus,NA,NA
1752,Andinobates,viridis,NA,NA
1753,Andinobates,virolinensis,NA,NA
1754,Colostethus,agilis,NA,NA
1755,Colostethus,imbricolus,NA,NA
1756,Colostethus,latinasus,NA,NA
1757,Colostethus,mertensi,NA,NA
1758,Colostethus,thorntoni,NA,NA
1759,Colostethus,ucumari,NA,NA
1760,Ectopoglossus,atopoglossus,NA,NA
1761,Ectopoglossus,lacrimosus,NA,NA
1762,Hyloxalus,abditaurantius,NA,NA
1763,Hyloxalus,chocoensis,NA,NA
1764,Hyloxalus,edwardsi,NA,NA
1765,Hyloxalus,fascianigrus,NA,NA
1766,Hyloxalus,pinguis,NA,NA
1767,Hyloxalus,ramosi,NA,NA
1768,Hyloxalus,ruizi,NA,NA
1769,Hyloxalus,vergeli,NA,NA
1770,Leucostethus,ramirezi,NA,NA
1771,Oophaga,anchicayensis,NA,NA
1772,Oophaga,andresi,NA,NA
1773,Oophaga,histrionica,NA,Rana cocoi
1774,Oophaga,lehmanni,NA,NA
1775,Oophaga,occultator,NA,NA
1776,Oophaga,solanensis,NA,NA
1777,Paruwrobates,andinus,NA,NA
1778,Phyllobates,bicolor,NA,NA
1779,Phyllobates,terribilis,NA,Rana dorada venenosa
1780,Silverstoneia,dalyi,NA,NA
1781,Silverstoneia,erasmios,NA,NA
1782,Silverstoneia,nubicola,NA,NA
1783,Silverstoneia,punctiventris,NA,NA
1784,Diasporus,anthrax,NA,NA
1785,Cryptobatrachus,boulengeri,NA,NA
1786,Cryptobatrachus,pedroruizi,NA,NA
1787,Cryptobatrachus,ruthveni,NA,NA
1788,Gastrotheca,angustifrons,NA,NA
1789,Gastrotheca,antomia,NA,NA
1790,Gastrotheca,aureomaculata,NA,NA
1791,Gastrotheca,bufona,NA,NA
1792,Gastrotheca,cornuta,NA,NA
1793,Gastrotheca,dendronastes,NA,NA
1794,Gastrotheca,espeletia,NA,NA
1795,Gastrotheca,helenae,NA,NA
1796,Gastrotheca,orophylax,NA,NA
1797,Gastrotheca,trachyceps,NA,NA
1798,Hemiphractus,johnsoni,NA,NA
1799,Hyloscirtus,japreria,NA,NA
1800,Hyloscirtus,antioquia,NA,Rana chocolate antioqueña
1801,Hyloscirtus,callipeza,NA,NA
1802,Hyloscirtus,caucanus,NA,NA
1803,Hyloscirtus,denticulentus,NA,NA
1804,Hyloscirtus,lynchi,NA,NA
1805,Hyloscirtus,pantostictus,NA,NA
1806,Hyloscirtus,piceigularis,NA,NA
1807,Hyloscirtus,platydactylus,NA,NA
1808,Hyloscirtus,psarolaimus,NA,NA
1809,Hyloscirtus,sarampiona,NA,NA
1810,Hyloscirtus,simmonsi,NA,NA
1811,Hyloscirtus,tigrinus,NA,NA
1812,Hyloscirtus,torrenticola,NA,NA
1813,Agalychnis,lemur,NA,NA
1814,Callimedusa,perinesos,NA,NA
1815,Epicrionops,columbianus,NA,NA
1816,Epicrionops,parkeri,NA,NA
1817,Anolis,calimae,NA,Anolis de Calima
1818,Anolis,inderenae,NA,Camaleón de Cundinamarca
1819,Anolis,ruizii,NA,Camaleón de Rúiz
1820,Atractus,nicefori,NA,Serpiente tierrera del Hermano Nicéforo
1821,Atractus,orcesi,NA,Culebra tierrera de Orcés
1822,Atractus,punctiventris,NA,Culebra tierrera de vientre punteado
1823,Coniophanes,andresensis,NA,Serpiente de San Andrés
1824,Dendrophidion,boshelli,NA,Culebra de Boshelli
1825,Saphenophis,sneiderni,NA,Serpiente sneiderni
1826,Synophis,plectovertebralis,NA,Serpiente del caño del Dagua
1827,Micrurus,medemi,NA,Coral de Villavicencio
1828,Micrurus,sangilensis,NA,Coral sangileña
1829,Alopoglossus,danieli,NA,Lagarto de escamas grandes del Hermano Daniel
1830,Anadia,antioquensis,NA,Anadia de Antioquia
1831,Anadia,bogotensis,NA,Lagartija de Bogotá
1832,Anadia,pamplonensis,NA,Anadia de Pamplona
1833,Andinosaura,laevis,NA,Lagartija de hojarasca de escamas lisas
1834,Riama,columbiana,NA,Lagartija colombiana de hojarasca
1835,Riama,simotera,NA,Lagarto de bombilla de O'Shaughnessy
1836,Enyalioides,oshaughnessyi,NA,Lagartija de palo ojiroja
1837,Enyalioides,annularis,NA,Mantícoras de anillos
1838,Enyalioides,groi,NA,Mantícoras de Gro
1839,Aristelliger,georgeensis,NA,Gecko pestañudo
1840,Lepidoblepharis,miyatai,NA,Geco tinajero del tayrona
1841,Lepidoblepharis,williamsi,NA,Salamanqueja de Williams
1842,Bothrocophias,campbelli,NA,Víbora de Campbell
1843,Mesoclemmys,dahli,NA,Carranchina
1844,Caretta,caretta,NA,Caguama
1845,Chelonia,mydas,NA,Tortuga verde
1846,Eretmochelys,imbricata,NA,Carey
1847,Lepidochelys,olivacea,NA,Golfina
1848,Dermochelys,coriacea,NA,Caná
1849,Rhinoclemmys,diademata,NA,Inguensa
1850,Kinosternon,dunni,NA,Tortuga cabeza de trozo
1851,Podocnemis,erythrocephala,NA,Chipiro
1852,Podocnemis,expansa,NA,Charapa
1853,Podocnemis,lewyana,NA,Tortuga del río Magdalena
1854,Podocnemis,unifilis,NA,Terecay
1855,Chelonoidis,carbonarius,NA,Morrocoy
1856,Melanosuchus,niger,NA,Caimán negro
1857,Crocodylus,acutus,NA,Caimán aguja | Cocodrilo americano | Caimán del Magdalena
1858,Crocodylus,intermedius,NA,Cocodrilo del Orinoco | Caimán del Orinoco | Caimán llanero
1859,Crypturellus,kerriae,NA,Tinamú del Chocó
1860,Tinamus,osgoodi,NA,Tinamú negro
1861,Anas,georgica,NA,Pato Pico de Oro
1862,Netta,erythrophthalma,NA,Pato Negro
1863,Oressochen,jubatus,NA,Pato Carretero
1864,Oxyura,jamaicensis,NA,Pato Andino
1865,Sarkidiornis,sylvicola,NA,Pato Brasilero
1866,Spatula,cyanoptera,NA,Pato Colorado
1867,Chauna,chavaria,NA,Chavarría
1868,Crax,alberti,NA,Paujil Colombiano
1869,Crax,daubentoni,NA,Pavón Moquiamarillo
1870,Crax,globulosa,NA,Pavón Moquirrojo
1871,Crax,rubra,NA,Pavón Chocoano
1872,Pauxi,pauxi,NA,Pavón Copete de Piedra
1873,Penelope,ortoni,NA,Pava del Baudó
1874,Penelope,perspicax,NA,Pava Caucana
1875,Odontophorus,dialeucos,NA,Perdiz Katía
1876,Odontophorus,melanonotus,NA,Perdiz de Nariño
1877,Odontophorus,strophium,NA,Perdiz Santandereana
1878,Podiceps,occipitalis,NA,Zambullidor plateado
1879,Phoenicopterus,ruber,NA,Flamenco
1880,Sula,granti,NA,Piquero de Nazca
1881,Sula,leucogaster,NA,Piquero Café
1882,Egretta,rufescens,NA,Garza Rojiza
1883,Vultur,gryphus,NA,Cóndor de los Andes
1884,Buteogallus,solitarius,NA,Águila solitaria
1885,Circus,cinereus,NA,Aguilucho Cenizo
1886,Spizaetus,isidori,NA,Águila Crestada
1887,Porphyriops,melanops,NA,Polla Sabanera
1888,Rallus,semiplumbeus,NA,Rascón Andino
1889,Creagrus,furcatus,NA,Gaviota rabihorcada
1890,Leptotila,conoveri,NA,Caminera Tolimense
1891,Leptotila,jamaicensis,NA,Tortolita Caribeña
1892,Zentrygon,goldmani,NA,Paloma-Perdiz Cabecicanela
1893,Neomorphus,radiolosus,NA,Correlón Escamado
1894,Glaucidium,nubicola,NA,Buhito Nubicola
1895,Anthocephala,berlepschi,NA,Colibrí Cabecicastaño del Tolima
1896,Anthocephala,floriceps,NA,Colibrí Cabecicastaño de Santa Marta
1897,Campylopterus,phainopeplus,NA,Ala de Sable Serrano
1898,Chrysuronia,lilliae,NA,Colibrí Cienaguero
1899,Coeligena,orina,NA,Inca de Frontino
1900,Eriocnemis,godini,NA,Zamarrito Gorjiturquesa
1901,Eriocnemis,isabellae,NA,Zamarrito del Pinche
1902,Eriocnemis,mirabilis,NA,Paramero de Munchique
1903,Goldmania,bella,NA,Colibrí Pirreño
1904,Oxypogon,cyanolaemus,NA,Colibrí Barbudito Barbiazul
1905,Oxypogon,stubelii,NA,Chivito de Páramo
1906,Saucerottia,castaneiventris,NA,Amazilia Ventricastaño
1907,Galbula,pastazae,NA,Jacamar Cobrizo
1908,Capito,hypoleucus,NA,Torito Capiblanco
1909,Capito,squamatus,NA,Torito Frentirrojo
1910,Veniliornis,callonotus,NA,Carpintero Escarlata
1911,Campephilus,gayaquilensis,NA,Carpintero de Guayaquil
1912,Andigena,hypoglauca,NA,Terlaque Andino
1913,Andigena,laminirostris,NA,Terlaque de Nariño
1914,Micrastur,plumbeus,NA,Halcón de Munchique
1915,Ara,ambiguus,NA,Guacamaya Verdelimón
1916,Ara,militaris,NA,Guacamaya Verde
1917,Bolborhynchus,ferrugineifrons,NA,Periquito de los Nevados
1918,Hapalopsittaca,amazonina,NA,Cotorra Montañera
1919,Hapalopsittaca,fuertesi,NA,Cotorra Coroniazul
1920,Leptosittaca,branickii,NA,Perico Paramuno
1921,Ognorhynchus,icterotis,NA,Perico Palmero
1922,Pionus,fuscus,NA,Cotorra de Perijá
1923,Pyrrhura,calliptera,NA,Periquito Aliamarillo
1924,Pyrrhura,viridicata,NA,Periquito Serrano
1925,Touit,stictopterus,NA,Periquito Alipunteado
1926,Eremophila,alpestris,NA,Alondra Cornuda
1927,Cardinalis,phoeniceus,NA,Cardenal Guajiro
1928,Cyanolyca,pulchra,NA,Urraca Chocoana
1929,Ampelion,rufaxilla,NA,Cotinga Alirrufa
1930,Cephalopterus,penduliger,NA,Paragüero del Pacífico
1931,Doliornis,remseni,NA,Cotinga de Páramo
1932,Lipaugus,weberi,NA,Arriero Antioqueño
1933,Pyroderus,scutatus,NA,Toro de Monte
1934,Ammodramus,savannarum,NA,Sabanero Grillo
1935,Arremon,schlegeli,NA,Pinzón Alidorado
1936,Atlapetes,blancae,NA,Gorrión-Montés Paisa
1937,Atlapetes,flaviceps,NA,Atlapetes de Anteojos
1938,Atlapetes,fuscoolivaceus,NA,Atlapetes Oliváceo
1939,Bangsia,flavovirens,NA,Montero Verdiamarillo
1940,Chlorospingus,inornatus,NA,Montero de Pirré
1941,Spinus,cucullatus,NA,Jilguero Rojo
1942,Asthenes,perijana,NA,Rastrojero de Perijá
1943,Clibanornis,rufipectus,NA,Rastrojero de Santa Marta
1944,Margarornis,bellulus,NA,Corretroncos
1945,Grallaria,alleni,NA,Tororoi Bigotudo
1946,Grallaria,bangsi,NA,Tororoi de Santa Marta
1947,Grallaria,gigantea,NA,Tororoi Gigante
1948,Grallaria,kaestneri,NA,Tororoi de Cundinamarca
1949,Grallaria,milleri,NA,Tororoi de Miller
1950,Grallaria,rufocinerea,NA,Tororoi Rufocenizo
1951,Grallaria,urraoensis,NA,Tororoi de Urrao
1952,Hypopyrrhus,pyrohypogaster,NA,Chango Colombiano
1953,Icterus,icterus,NA,Turpial Real
1954,Icterus,leucopteryx,NA,Turpial Jamaiquino
1955,Macroagelaius,subalaris,NA,Chango de Montaña
1956,Psarocolius,cassini,NA,Oropéndola Chocoana
1957,Basileuterus,ignotus,NA,Arañero del Pirré
1958,Myiothlypis,basilica,NA,Arañero de Santa Marta
1959,Myiothlypis,conspicillata,NA,Arañero Embridado
1960,Setophaga,cerulea,NA,Reinita Cerúela
1961,Chloropipo,flavicapilla,NA,Saltarin Dorado
1962,Scytalopus,canus,NA,Tapaculo de Paramillo
1963,Scytalopus,panamensis,NA,Tapaculo Cejiblanco
1964,Scytalopus,perijanus,NA,Tapaculo de Perijá
1965,Scytalopus,rodriguezi,NA,Tapaculo del Magdalena
1966,Scytalopus,sanctaemartae,NA,Tapaculo de Santa Marta
1967,Scytalopus,stilesi,NA,Tapaculo de Stiles
1968,Clytoctantes,alixii,NA,Hormiguero Pico de Hacha
1969,Dysithamnus,occidentalis,NA,Hormiguero Occidental
1970,Xenornis,setifrons,NA,Hormiguero de Tacarcuna
1971,Bangsia,aureocincta,NA,Bangsia de Tatamá
1972,Bangsia,melanochlamys,NA,Bangsia Negra y Oro
1973,Chlorochrysa,nitidissima,NA,Clorocrisa Multicolor
1974,Creurgops,verticalis,NA,Tángara Crestirufa
1975,Dacnis,berlepschi,NA,Dacnis Pechirroja
1976,Dacnis,hartlaubi,NA,Dacnis Turquesa
1977,Diglossa,gloriosissima,NA,Diglosa Pechirrufa
1978,Saltator,cinctus,NA,Saltátor Collarejo
1979,Tangara,fucosa,NA,Tangara Nuquiverde
1980,Tephrophilus,wetmorei,NA,Azulejo de Wetmore
1981,Cistothorus,apolinari,NA,Cucarachero de Apolinar
1982,Henicorhina,negreti,NA,Cucarachero de Munchique
1983,Thryophilus,nicefori,NA,Cucarachero de Nicéforo
1984,Thryophilus,sernai,NA,Cucarachero Paisa
1985,Troglodytes,monticola,NA,Cucarachero de Santa Marta
1986,Myadestes,coloratus,NA,Solitario Enmascarado
1987,Attila,torridus,NA,Atila Ocrácea
1988,Muscisaxicola,maculirostris,NA,Dormilona Chica
1989,Myiotheretes,pernix,NA,Atrapamoscas de Santa Marta
1990,Phylloscartes,lanyoni,NA,Tiranuelo Antioqueño
1991,Polystictus,pectoralis,NA,Tachurí Barbado
1992,Pseudocolopteryx,acutipennis,NA,Doradito Lagunero
1993,Vireo,approximans,NA,Vireo de Providencia
1994,Vireo,caribaeus,NA,Veireo de San Andrés
1995,Vireo,masteri,NA,Vireo del Chocó
1996,Marmosops,handleyi,NA,Tunato de Handley
1997,Caenolestes,convelatus,NA,Ratón marsupial negruzco
1998,Saccopteryx,antioquensis,NA,Murciélago de líneas blancas | Murciélago de sacos de Antioquia
1999,Lonchorhina,marinkellei,NA,Murciélago nariz de espada de Marinkelle
2000,Trichechus,inunguis,NA,Manatí amazónico | Vaca marina | Manatí
2001,Trichechus,manatus,NA,Manatí del Caribe | Vaca marina
2002,Lycalopex,culpaeus,NA,NA
2003,Leopardus,tigrinus,NA,Tigrillo gallinero | Tigrillo | Oncilla | Tigrillo peludo
2004,Panthera,onca,NA,Jaguar | Tigre real | Tigre mariposo
2005,Lontra,longicaudis,NA,Nutria neotropical | Lobito de río
2006,Pteronura,brasiliensis,NA,Perro de agua | Nutria gigante
2007,Tremarctos,ornatus,NA,Oso andino | Oso de anteojos
2008,Tapirus,pinchaque,NA,Danta de Páramo | Danta de Montaña
2009,Balaenoptera,borealis,NA,Ballena boba | Ballena sei
2010,Balaenoptera,musculus,NA,Ballena azul
2011,Balaenoptera,physalus,NA,Ballena de aleta
2012,Megaptera,novaeangliae,NA,Ballena Jorobada | Yubarta
2013,Sotalia,fluviatilis,NA,Delfín Gris de río | Tucuxi
2014,Inia,geoffrensis,NA,Bufeo | Delfín rosado | Tonina | Bufeo colorado
2015,Physeter,macrocephalus,NA,Cachalote
2016,Aotus,brumbacki,NA,Mico de noche Llanero
2017,Aotus,griseimembra,NA,Marta | Mico dormilón | Mico de noche | Mico de noche caribeño
2018,Aotus,lemurinus,NA,Marta | Mico dormilón | Mico de noche andino
2019,Aotus,zonalis,NA,Mico de noche chocoano panameño
2020,Ateles,hybridus,NA,Marimonda del Magdalena
2021,Callimico,goeldii,NA,Chichico diablo
2022,Saguinus,leucopus,NA,Tití gris
2023,Saguinus,oedipus,NA,Tití cabeciblanco
2024,Cebus,malitiosus,NA,Mico maicero cariblanco de Santa Marta
2025,Cebus,versicolor,NA,Maicero cariblanco variable
2026,Cheracebus,medemi,NA,El tití de manos negras | Cotoncillo negro | Huicoco colombiano
2027,Pithecia,milleri,NA,Mico volador
2028,Plecturocebus,caquetensis,NA,El tití del Caquetá | Tongo | Macaco
2029,Plecturocebus,discolor,NA,Mico tocón | Mico Zocai
2030,Plecturocebus,ornatus,NA,Mico tocón | Zogui-zogui
2031,Thomasomys,bombycinus,NA,Ratón Oldfield
2032,Thomasomys,monochromos,NA,Ratón Oldfield de un solo color
2033,Santamartamys,rufodorsalis,NA,Raton arboreo de Santa Marta
2034,Dinomys,branickii,NA,Guagua loba
2035,Coendou,vestitus,NA,Puercoespín | Puercoerizo
2036,Lepanthes,golondrina,NA,NA
2037,Miconia,jentaculorum,NA,NA
2038,Pitcairnia,exserta,NA,NA
2039,Salvia,cuatrecasasiana,NA,Salvia de Cuatrecasa
2040,Alouatta,palliata,NA,Mono colorado | Cotudo | Roncador | Araguato | Berreador
2041,Anotomys,leander,NA,NA
2042,Aotus,nancymaae,NA,Mico de noche de Nancy Ma | Marta | Mico dormilón | Mico de noche
2043,Ateles,belzebuth,NA,Marimonda Amazónica | Braceador | Choiba | Marimonda
2044,Ateles,fusciceps,NA,Mono araña | Mono negro | Marimonda
2045,Bassaricyon,neblina,NA,Macoperro | Leoncillo
2046,Cabassous,unicinctus,NA,Armadillo rabo de trapo
2047,Cebuella,pygmaea,NA,Mono de bolsillo | Leoncillo | Chichico
2048,Cebus,capucinus,NA,NA
2049,Chilonatalus,micropus,NA,NA
2050,Dasypus,sabanicola,NA,Cachicame
2051,Gracilinanus,dryas,NA,NA
2052,Hydrochoerus,isthmius,NA,Capibara | Chiguiro
2053,Lagothrix,lagothricha,NA,Choyo | Churuco | Chuluco | Mico churuco | Barrigudo | Mico churuco colombiano
2054,Leptonycteris,curasoae,NA,NA
2055,Lonchorhina,orinocensis,NA,NA
2056,Marmosa,xerophila,NA,NA
2057,Mazama,rufina,NA,NA
2058,Neogale,felipei,NA,Comadreja colombiana
2059,Myrmecophaga,tridactyla,NA,Tamandúa | Susurete | Oso amarillo
2060,Priodontes,maximus,NA,Armadillo gigante | Ocarro | Jusa trueno
2061,Pudu,mephistophiles,NA,NA
2062,Sotalia,guianensis,NA,Tucuxi marino | Tonina | Delfín de rí­o
2063,Tapirus,bairdii,NA,Danta del Chocó | Danta centroamericana | Macho de monte
2064,Tapirus,terrestris,NA,Danta | Sacha vaca
2065,Tayassu,pecari,NA,Pecari labiado | Huangana
2066,Thomasomys,hylophilus,NA,NA
2067,Neoplatymops,mattogrossensis,NA,NA
2068,Natalus,mexicanus,NA,NA
2069,Cheracebus,lucifer,NA,NA
2070,Gustavia,nana,nana,NA
2071,Gustavia,speciosa,occidentalis,NA
2072,Salvia,amethystina,sumapacis,Salvia del Sumapaz
2073,Salvia,amethystina,vetasiana,Salvia azul de vetas
2074,Salvia,aratocensis,suratensis,Velero de suratá
2075,Salvia,camarifolia,camarifolia,Salvia roja de la sierra Nevada
2076,Salvia,camarifolia,ibiricensis,Salvia roja del Perijá
2077,Salvia,cyanocephala,cyanocephala,NA
2078,Salvia,cyanocephala,macrostigmantha,Salvia de Guatavita
2079,Salvia,pauciserrata,lasiocalicina,Salvia sigmoide de Antioquia
2080,Salvia,erythrostoma,erythrostoma,Salvia de boca roja
2081,Salvia,erythrostoma,isabelina,Salvia de Santa Santa Isabel
2082,Salvia,gachantivana,gachantivana,Salvia de Gachantivá
2083,Salvia,melaleuca,melaleuca,Amarguera de Chorro
2084,Salvia,melaleuca,totensis,Amargosa de Tota
2085,Salvia,orthostachys,orthostachys,Retama
2086,Salvia,orthostachys,soatensis,Amargosa de Soatá
2087,Salvia,pauciserrata,derasa,Salvia sigmoide del Cauca
2088,Salvia,pauciserrata,erythrocalycina,Salvia sigmoide de Pajarito
2089,Salvia,pauciserrata,pauciserrata,Salvia sigmoide del Tequendama
2090,Salvia,rubescens,colombiana,Salvia roja de Vetas
2091,Salvia,rubescens,dolichothrix,Barbasco rojo
2092,Salvia,rufula,paezorum,Salvia roja de los paeces
2093,Salvia,sphacelioides,anaglypha,Salvia morada de ocaña
2094,Salvia,sphacelioides,paxfluminensis,Salvia de Paz de Río
2095,Salvia,sphacelioides,sphacelioides,Salvia azil del Donachuí
2096,Salvia,sphacelioides,trianae,Salvia púrpura de Triana
2097,Bactris,gasipaes,chichagui,Chinamato
2098,Pterourus,cacicus,cacicus,Papilio acanalado de alta montaña
2099,Trachemys,venusta,callirostris,Hicotea
2100,Kinosternon,scorpioides,albogulare,Swanka
2101,Crypturellus,obsoletus,castaneus,Tinamú pardo
2102,Molothrus,aeneus,armenti,Chamón del Caribe
2103,Odocoileus,virginianus,tropicalis,Venado sabanero | Venado cola blanca
